I,P,U
0,0,0.9
0.01,0,1.16976394
0.02,0,1.246799193
0.03,0,1.311335423
0.04,0,1.323372629
0.05,0,1.332910813
0.06,0,1.369949975
0.07,0,1.394490113
0.08,0,1.403
0.09,0,1.42073321
0.1,0,1.429698546
0.11,0,1.436671109
0.12,0,1.443314281
0.13,0,1.44936064
0.14,0,1.454227514
0.15,0,1.458302071
0.16,0,1.461584311
0.17,0,1.464074235
0.18,0,1.467354532
0.19,0,1.473882315
0.2,0,1.481300342
0.21,0,1.489135933
0.22,0,1.494885731
0.23,0,1.500006
0.24,0,1.504496739
0.25,0,1.508357948
0.26,0,1.511589628
0.27,0,1.514191779
0.28,0,1.518761829
0.29,0,1.523944694
0.3,0,1.529347895
0.31,0,1.534971431
0.32,0,1.540815302
0.33,0,1.546879509
0.34,0,1.552607888
0.35,0,1.557796023
0.36,0,1.562889729
0.37,0,1.567889005
0.38,0.002560431,1.572793852
0.39,0.005217431,1.57760427
0.4,0.010355262,1.582246015
0.41,0.0152569,1.586383035
0.42,0.019922345,1.59029972
0.43,0.024351597,1.59399607
0.44,0.028544656,1.597472084
0.45,0.032501522,1.600727763
0.46,0.036222194,1.603763107
0.47,0.039706674,1.607228045
0.48,0.042954961,1.610788287
0.49,0.045967055,1.61434212
0.5,0.048742956,1.617889542
0.51,0.051811538,1.621430555
0.52,0.05486215,1.625171341
0.53,0.057808111,1.629012723
0.54,0.06064942,1.632928885
0.55,0.063386078,1.636919828
0.56,0.066018084,1.640750787
0.57,0.068545438,1.644020192
0.58,0.069307016,1.647083949
0.59,0.073679917,1.649942061
0.6,0.078242796,1.652594526
0.61,0.082795894,1.655041345
0.62,0.087242418,1.657297437
0.63,0.091557285,1.661243714
0.64,0.095674644,1.66550407
0.65,0.099546969,1.670078503
0.66,0.103149443,1.674967015
0.67,0.106484343,1.680119774
0.68,0.10958543,1.683739183
0.69,0.112522334,1.687044514
0.7,0.115404944,1.690035767
0.71,0.118176977,1.692712941
0.72,0.12082222,1.695076038
0.73,0.123295811,1.697125057
0.74,0.125552973,1.699860821
0.75,0.127704415,1.703064514
0.76,0.129852029,1.706362636
0.77,0.132086042,1.709755188
0.78,0.134482177,1.713242169
0.79,0.13709881,1.71682358
0.8,0.139974126,1.720156047
0.81,0.143123278,1.722784832
0.82,0.146575054,1.725224757
0.83,0.150278267,1.727475824
0.84,0.154113982,1.729538031
0.85,0.157928921,1.73141138
0.86,0.161632716,1.733139364
0.87,0.165258267,1.736495668
0.88,0.168771169,1.740166737
0.89,0.172145933,1.74415257
0.9,0.175368198,1.748453169
0.91,0.17843694,1.753068532
0.92,0.181366692,1.75799866
0.93,0.1841696,1.761644179
0.94,0.186896602,1.764337277
0.95,0.189567641,1.766687632
0.96,0.192197523,1.768695242
0.97,0.194814227,1.770360109
0.98,0.197442164,1.771682232
0.99,0.200101034,1.772661611
1,0.202804679,1.776760975
1.01,0.205559945,1.779929655
1.02,0.208365533,1.78309691
1.03,0.21121086,1.786262738
1.04,0.214074912,1.789416305
1.05,0.216925102,1.792470339
1.06,0.219760094,1.795510312
1.07,0.222595085,1.798536225
1.08,0.225436377,1.801548077
1.09,0.22828153,1.804545869
1.1,0.231122708,1.8075296
1.11,0.23395274,1.810499271
1.12,0.236765342,1.813454882
1.13,0.239555324,1.816396433
1.14,0.24231881,1.819323923
1.15,0.245053448,1.822237353
1.16,0.247758628,1.825136722
1.17,0.250435693,1.828022031
1.18,0.253088158,1.830893279
1.19,0.255721919,1.833750468
1.2,0.258345472,1.836593595
1.21,0.260956377,1.839422663
1.22,0.263551952,1.842149669
1.23,0.266132197,1.844323925
1.24,0.268697113,1.846419029
1.25,0.271246699,1.84843498
1.26,0.273780955,1.85037178
1.27,0.276299881,1.852229427
1.28,0.278782889,1.854007923
1.29,0.281245438,1.855707266
1.3,0.283707223,1.857327457
1.31,0.286185541,1.858868496
1.32,0.288694879,1.860330383
1.33,0.2912465,1.861713118
1.34,0.293848026,1.863016701
1.35,0.296503026,1.864241131
1.36,0.2992106,1.865386409
1.37,0.301964965,1.866452536
1.38,0.304755041,1.86743951
1.39,0.307564036,1.868347332
1.4,0.31036903,1.869176002
1.41,0.313185483,1.86992552
1.42,0.316016244,1.870595885
1.43,0.318861312,1.871187099
1.44,0.321720689,1.87169916
1.45,0.324589812,1.87213207
1.46,0.327468556,1.872485827
1.47,0.330364387,1.872931664
1.48,0.333284042,1.874425163
1.49,0.336233358,1.875938268
1.5,0.339217093,1.877470981
1.51,0.342238762,1.8790233
1.52,0.345300454,1.880595225
1.53,0.348402665,1.882186757
1.54,0.351544124,1.883797896
1.55,0.354721615,1.885428641
1.56,0.357929811,1.887078993
1.57,0.361161096,1.888748952
1.58,0.364437,1.890438517
1.59,0.367763219,1.892147688
1.6,0.371104424,1.893876467
1.61,0.374427512,1.895624852
1.62,0.377702691,1.897392843
1.63,0.38090458,1.899180441
1.64,0.384013297,1.900987646
1.65,0.387015552,1.902814457
1.66,0.389905742,1.904660875
1.67,0.392687039,1.9065269
1.68,0.39537249,1.908412531
1.69,0.397986101,1.910317769
1.7,0.400563936,1.912005555
1.71,0.403107955,1.913582234
1.72,0.40560055,1.915148897
1.73,0.408041722,1.916705542
1.74,0.41043147,1.91825217
1.75,0.412769795,1.919788782
1.76,0.41502522,1.921315376
1.77,0.417201389,1.922831953
1.78,0.419345989,1.924338514
1.79,0.421501822,1.925835057
1.8,0.42370573,1.927321583
1.81,0.425987531,1.928798092
1.82,0.428368937,1.930264584
1.83,0.430862487,1.931721059
1.84,0.433470472,1.933167517
1.85,0.436183866,1.934603958
1.86,0.438981248,1.936030382
1.87,0.441827735,1.937446789
1.88,0.444673906,1.938853179
1.89,0.44751854,1.940249552
1.9,0.450383821,1.941635908
1.91,0.453277092,1.943012246
1.92,0.456205223,1.944378568
1.93,0.459174385,1.945734873
1.94,0.462189823,1.947081161
1.95,0.465255624,1.948417431
1.96,0.468374497,1.949743685
1.97,0.47154754,1.95108286
1.98,0.474774013,1.952596617
1.99,0.478051112,1.954114765
2,0.481373742,1.955637305
2.01,0.484734286,1.957164237
2.02,0.488156622,1.958695561
2.03,0.491643131,1.960231277
2.04,0.495157949,1.961771385
2.05,0.498667516,1.963315885
2.06,0.502141683,1.964864777
2.07,0.505554825,1.96641806
2.08,0.508886952,1.967975736
2.09,0.512124819,1.969537803
2.1,0.51526304,1.971104263
2.11,0.518305195,1.972675114
2.12,0.521264944,1.974250357
2.13,0.524167138,1.975829992
2.14,0.527048929,1.977414019
2.15,0.529909336,1.979002438
2.16,0.532731825,1.980595249
2.17,0.535515296,1.982156286
2.18,0.538248831,1.983593906
2.19,0.540943774,1.985020556
2.2,0.54361066,1.986436237
2.21,0.546258925,1.987840948
2.22,0.548896625,1.98923469
2.23,0.551530143,1.990617463
2.24,0.554163909,1.991989266
2.25,0.556800109,1.9933501
2.26,0.559438401,1.994699964
2.27,0.56207563,1.996038859
2.28,0.564705536,1.997366784
2.29,0.567318475,1.99868374
2.3,0.569903528,1.999989727
2.31,0.572471139,2.001284744
2.32,0.575021308,2.002568792
2.33,0.577554035,2.00384187
2.34,0.58006932,2.005103979
2.35,0.582567163,2.006355118
2.36,0.585047565,2.007595288
2.37,0.587510524,2.000409262
2.38,0.589956042,2.005174801
2.39,0.59236176,2.009591279
2.4,0.59471547,2.013658695
2.41,0.597065187,2.017377051
2.42,0.59945342,2.020746345
2.43,0.60191629,2.023766578
2.44,0.604482651,2.02643775
2.45,0.60717321,2.028759861
2.46,0.609999642,2.03073291
2.47,0.612963714,2.032356899
2.48,0.616056404,2.033631826
2.49,0.619257018,2.034557692
2.5,0.622532311,2.035134496
2.51,0.625835607,2.03536224
2.52,0.629154696,2.035240922
2.53,0.632519302,2.034770543
2.54,0.635929424,2.037473395
2.55,0.639385063,2.038376866
2.56,0.642886218,2.03928078
2.57,0.64643289,2.040185139
2.58,0.650025079,2.041089943
2.59,0.653707944,2.041995191
2.6,0.657471844,2.042900884
2.61,0.66125164,2.043807021
2.62,0.664989531,2.044713603
2.63,0.668636394,2.04562063
2.64,0.672153109,2.0465281
2.65,0.675511896,2.047436016
2.66,0.678697644,2.048344376
2.67,0.681709246,2.04925318
2.68,0.68456093,2.050162429
2.69,0.687283591,2.051072123
2.7,0.689926121,2.051982261
2.71,0.692556748,2.052892843
2.72,0.695165829,2.05380387
2.73,0.697725173,2.054715342
2.74,0.70023478,2.055627258
2.75,0.702694651,2.056539619
2.76,0.70509631,2.057452424
2.77,0.707422588,2.058365673
2.78,0.709702446,2.059279368
2.79,0.71196226,2.060193506
2.8,0.714225161,2.06110809
2.81,0.716510376,2.062023117
2.82,0.718832573,2.06293859
2.83,0.721201203,2.063854507
2.84,0.723619843,2.064770868
2.85,0.726085536,2.065687674
2.86,0.728588136,2.066604924
2.87,0.731109651,2.067522619
2.88,0.733623582,2.068440759
2.89,0.736112759,2.069359343
2.9,0.738599211,2.070278371
2.91,0.741082937,2.071197844
2.92,0.743563939,2.072117762
2.93,0.746042215,2.073038124
2.94,0.748517765,2.07395893
2.95,0.750990591,2.074880182
2.96,0.753450128,2.075801877
2.97,0.755892461,2.076724017
2.98,0.758338405,2.077646602
2.99,0.760806528,2.078569631
3,0.76331273,2.079493105
3.01,0.76586983,2.080417023
3.02,0.768487137,2.081341386
3.03,0.771170041,2.082266193
3.04,0.773919583,2.083191445
3.05,0.776732047,2.084117142
3.06,0.779598532,2.085043283
3.07,0.782504535,2.085969868
3.08,0.785429535,2.086896898
3.09,0.788369615,2.087824372
3.1,0.791336948,2.088752291
3.11,0.794343848,2.089680655
3.12,0.797388656,2.090609463
3.13,0.800453337,2.091739187
3.14,0.803521338,2.092982348
3.15,0.806578075,2.094246899
3.16,0.809611426,2.095532839
3.17,0.812612221,2.096840169
3.18,0.81557473,2.098168889
3.19,0.818497153,2.099518999
3.2,0.821382113,2.100890498
3.21,0.824237144,2.102283387
3.22,0.82707518,2.103697666
3.23,0.829915049,2.105133335
3.24,0.832755091,2.106590394
3.25,0.835587346,2.108068842
3.26,0.838413252,2.10956868
3.27,0.841243756,2.111089907
3.28,0.844066952,2.112632525
3.29,0.846871793,2.114196532
3.3,0.849648389,2.115781929
3.31,0.852388312,2.117388716
3.32,0.855084894,2.119016893
3.33,0.85773353,2.120666459
3.34,0.860331975,2.122337415
3.35,0.862880649,2.12391055
3.36,0.865382938,2.125080983
3.37,0.867845491,2.126227357
3.38,0.870278524,2.127349674
3.39,0.872692984,2.128447932
3.4,0.875078142,2.129522132
3.41,0.877433997,2.130572275
3.42,0.879725486,2.131598359
3.43,0.881961597,2.132600385
3.44,0.884190202,2.133578353
3.45,0.886454949,2.134532263
3.46,0.888794008,2.135462114
3.47,0.891238818,2.136367908
3.48,0.893812836,2.137249643
3.49,0.896530279,2.138107321
3.5,0.899394879,2.13894094
3.51,0.902398622,2.139750501
3.52,0.905520498,2.140536004
3.53,0.90872525,2.141297449
3.54,0.91196212,2.142034836
3.55,0.915276893,2.142748165
3.56,0.918680702,2.143437436
3.57,0.922123283,2.144102648
3.58,0.925557695,2.144743803
3.59,0.928941888,2.145360899
3.6,0.932240262,2.145953937
3.61,0.935425233,2.146522918
3.62,0.938478787,2.14706784
3.63,0.94139405,2.147588704
3.64,0.944176847,2.148085509
3.65,0.946847261,2.148558257
3.66,0.949441201,2.149006947
3.67,0.952011958,2.149735466
3.68,0.95455148,2.150533865
3.69,0.957039612,2.151331581
3.7,0.959476352,2.152128615
3.71,0.961861701,2.152924966
3.72,0.964195658,2.153720634
3.73,0.966478223,2.15451562
3.74,0.968709398,2.155309922
3.75,0.97088918,2.156103543
3.76,0.973017572,2.15689648
3.77,0.975018071,2.157688734
3.78,0.976956798,2.158480306
3.79,0.978899657,2.159271195
3.8,0.980903824,2.160061402
3.81,0.983016462,2.160850926
3.82,0.985273432,2.161639767
3.83,0.987698014,2.162670976
3.84,0.990299618,2.163805744
3.85,0.993072498,2.164977212
3.86,0.995994473,2.16618538
3.87,0.999025633,2.167430248
3.88,1.002107061,2.168711816
3.89,1.005159547,2.170030084
3.9,1.00824921,2.171385051
3.91,1.011379364,2.172776719
3.92,1.014550007,2.174205087
3.93,1.017761141,2.175670154
3.94,1.021031537,2.177171922
3.95,1.024356702,2.178710389
3.96,1.027710375,2.180285557
3.97,1.031068928,2.181897424
3.98,1.034411978,2.183545991
3.99,1.037723004,2.185231259
4,1.040989959,2.186953226
4.01,1.044205885,2.18818798
4.02,1.047369524,2.189279824
4.03,1.050485936,2.190340033
4.04,1.053567112,2.191368608
4.05,1.056632585,2.192365548
4.06,1.059710046,2.193330853
4.07,1.062795003,2.194264523
4.08,1.065876553,2.195166558
4.09,1.068954696,2.196036958
4.1,1.072029433,2.196875724
4.11,1.075100763,2.197682855
4.12,1.078168687,2.198458351
4.13,1.081233203,2.199202212
4.14,1.084294314,2.199914438
4.15,1.087352017,2.200595029
4.16,1.090410078,2.201243986
4.17,1.09347311,2.201861307
4.18,1.09653067,2.202446994
4.19,1.099573508,2.203001046
4.2,1.102593753,2.203523463
4.21,1.105585096,2.204014246
4.22,1.108542972,2.204473393
4.23,1.111464751,2.204900906
4.24,1.114349916,2.205296784
4.25,1.117200251,2.205661026
4.26,1.120020021,2.205993635
4.27,1.122816164,2.206294608
4.28,1.125598467,2.206563946
4.29,1.128371546,2.20680165
4.3,1.131128035,2.207007719
4.31,1.133867936,2.207182152
4.32,1.136591248,2.207606514
4.33,1.139297972,2.208467145
4.34,1.141988106,2.209341279
4.35,1.144661652,2.210228914
4.36,1.147318609,2.211130051
4.37,1.149958977,2.212044689
4.38,1.152582756,2.212972829
4.39,1.155189946,2.213914471
4.4,1.157780548,2.214869615
4.41,1.160354561,2.21583826
4.42,1.162911985,2.216820407
4.43,1.16545282,2.217816056
4.44,1.167977066,2.218825206
4.45,1.170461214,2.219847859
4.46,1.172922717,2.220884012
4.47,1.17538497,2.221933668
4.48,1.177867888,2.222996825
4.49,1.180387563,2.224073484
4.5,1.182955919,2.225163645
4.51,1.185580365,2.226267308
4.52,1.188263453,2.227384472
4.53,1.191002533,2.228515138
4.54,1.193789405,2.229659306
4.55,1.196609976,2.230816975
4.56,1.199443918,2.231988146
4.57,1.202264317,2.233172819
4.58,1.205088627,2.234370993
4.59,1.207921007,2.235582669
4.6,1.210761457,2.236807847
4.61,1.213609978,2.238046527
4.62,1.216481595,2.238884236
4.63,1.219378349,2.239656034
4.64,1.222274197,2.240410737
4.65,1.225145612,2.241148344
4.66,1.227972189,2.241868857
4.67,1.230737248,2.242572274
4.68,1.233428437,2.243258597
4.69,1.236038333,2.243927825
4.7,1.238565049,2.244579957
4.71,1.241012832,2.245214995
4.72,1.243392671,2.245832937
4.73,1.245722896,2.246433785
4.74,1.248029785,2.247017537
4.75,1.250315378,2.247584195
4.76,1.252565926,2.248133757
4.77,1.254781427,2.248666225
4.78,1.256961883,2.249181597
4.79,1.259107292,2.249679875
4.8,1.261217655,2.250161057
4.81,1.263281073,2.250625145
4.82,1.265280727,2.25116847
4.83,1.26725117,2.251876377
4.84,1.26922347,2.252592166
4.85,1.271224504,2.253315839
4.86,1.273276244,2.254047394
4.87,1.275395054,2.254786831
4.88,1.277590975,2.255534152
4.89,1.279867018,2.256289355
4.9,1.282218456,2.25705244
4.91,1.28463211,2.257823409
4.92,1.287085645,2.25860226
4.93,1.289546858,2.259388993
4.94,1.29199893,2.26018361
4.95,1.294466678,2.260986109
4.96,1.296950102,2.26179649
4.97,1.299449202,2.262614755
4.98,1.301963977,2.263440901
4.99,1.304494427,2.264274931
5,1.307040554,2.265116843
5.01,1.309602356,2.265966638
5.02,1.312179833,2.266824316
5.03,1.314772844,2.267689876
5.04,1.317374816,2.268563319
5.05,1.319991991,2.269444645
5.06,1.322629956,2.270333853
5.07,1.325293528,2.271202446
5.08,1.327986655,2.2720235
5.09,1.330712302,2.272846158
5.1,1.333472349,2.273670418
5.11,1.336267483,2.274496282
5.12,1.339097091,2.275323748
5.13,1.341959151,2.276152817
5.14,1.344850129,2.276983489
5.15,1.347764869,2.277815765
5.16,1.350696798,2.278649643
5.17,1.353652043,2.279485124
5.18,1.35663376,2.280322208
5.19,1.359656747,2.281160894
5.2,1.362703079,2.282001184
5.21,1.365756057,2.282843077
5.22,1.368800689,2.283686573
5.23,1.371824157,2.284531671
5.24,1.374816299,2.285378373
5.25,1.377770075,2.286226677
5.26,1.380682051,2.287076585
5.27,1.383552864,2.287928095
5.28,1.386387703,2.288781209
5.29,1.389196778,2.289635925
5.3,1.391995801,2.290492244
5.31,1.394799572,2.291350166
5.32,1.397592743,2.292209691
5.33,1.400375317,2.293070819
5.34,1.403147292,2.29393355
5.35,1.405908669,2.294797884
5.36,1.408659447,2.295663821
5.37,1.411399627,2.296531361
5.38,1.414129208,2.297400504
5.39,1.416848191,2.298271249
5.4,1.419556575,2.299143598
5.41,1.422257647,2.300017549
5.42,1.424948916,2.300893104
5.43,1.427627225,2.301770261
5.44,1.430289831,2.302649022
5.45,1.432934469,2.303529385
5.46,1.435559405,2.304447331
5.47,1.438163502,2.305373806
5.48,1.440746274,2.306303964
5.49,1.443307949,2.307237807
5.5,1.445849525,2.308175333
5.51,1.448372833,2.309116544
5.52,1.450880593,2.310061438
5.53,1.453376474,2.311010016
5.54,1.455857987,2.311962278
5.55,1.458324678,2.312918224
5.56,1.460778373,2.313877854
5.57,1.463217451,2.314841168
5.58,1.465640395,2.315808165
5.59,1.468045835,2.316778847
5.6,1.47043259,2.317753212
5.61,1.472799709,2.318731261
5.62,1.475146516,2.319712995
5.63,1.477472652,2.320698412
5.64,1.479778116,2.321687513
5.65,1.482063307,2.322680298
5.66,1.484329072,2.323676766
5.67,1.486576739,2.324676919
5.68,1.488808136,2.325680756
5.69,1.491021653,2.326688276
5.7,1.493217292,2.327699481
5.71,1.495395053,2.328714369
5.72,1.497554935,2.329732941
5.73,1.499696938,2.330755197
5.74,1.501821063,2.331781137
5.75,1.503927309,2.332810761
5.76,1.506015676,2.333844069
5.77,1.508086165,2.33488106
5.78,1.510138775,2.335921736
5.79,1.512173507,2.336966095
5.8,1.51419036,2.338014139
5.81,1.516189335,2.339065866
5.82,1.518159048,2.340121277
5.83,1.520091096,2.341180372
5.84,1.522012383,2.342162388
5.85,1.528505068,2.343019386
5.86,1.531766194,2.343869668
5.87,1.534945561,2.344713233
5.88,1.538043169,2.345550081
5.89,1.541059017,2.346380211
5.9,1.543993106,2.347203625
5.91,1.546845437,2.348020322
5.92,1.549616008,2.348830301
5.93,1.55230482,2.349633564
5.94,1.554911873,2.35043011
5.95,1.557437166,2.351219938
5.96,1.559880701,2.35200305
5.97,1.562242476,2.352779445
5.98,1.564522493,2.353549122
5.99,1.56672075,2.354312083
6,1.568837248,2.355068327
6.01,1.570871987,2.355817853
6.02,1.572824967,2.356560663
6.03,1.574696188,2.357296755
6.04,1.57648565,2.358026131
6.05,1.578213574,2.35874879
6.06,1.580327245,2.359464731
6.07,1.582459086,2.360173956
6.08,1.584609095,2.360876463
6.09,1.586777272,2.361572254
6.1,1.588963619,2.362261327
6.11,1.591168134,2.362943684
6.12,1.593390818,2.363619324
6.13,1.59563167,2.364288246
6.14,1.597890691,2.364950452
6.15,1.600167881,2.36560594
6.16,1.602463239,2.366254712
6.17,1.604743129,2.366896766
6.18,1.607031597,2.367550772
6.19,1.609332035,2.368226845
6.2,1.611644443,2.368898851
6.21,1.613968821,2.36956679
6.22,1.616305168,2.370230663
6.23,1.618653486,2.370890469
6.24,1.621013774,2.371546208
6.25,1.623386032,2.37219788
6.26,1.625770259,2.372845486
6.27,1.628166457,2.373489025
6.28,1.627373692,2.374128498
6.29,1.629934274,2.374763903
6.3,1.632497685,2.375395242
6.31,1.635057738,2.376022515
6.32,1.637609083,2.37664572
6.33,1.640147366,2.377264859
6.34,1.642669385,2.377879931
6.35,1.645173253,2.378490937
6.36,1.647658556,2.379097876
6.37,1.650126515,2.379700748
6.38,1.652580142,2.380299553
6.39,1.655024401,2.380894292
6.4,1.65746637,2.381484964
6.41,1.659905737,2.382071569
6.42,1.662339264,2.382654107
6.43,1.664766951,2.383232579
6.44,1.667188798,2.383806984
6.45,1.669605182,2.384377323
6.46,1.672017132,2.384943594
6.47,1.674423123,2.385505799
6.48,1.676821766,2.386063937
6.49,1.679211841,2.386618009
6.5,1.68159233,2.387168014
6.51,1.683962453,2.387713952
6.52,1.686321704,2.388255824
6.53,1.688669881,2.388793628
6.54,1.691007125,2.389327366
6.55,1.693333953,2.389857038
6.56,1.69565129,2.390382642
6.57,1.697960508,2.39090418
6.58,1.700262637,2.391421651
6.59,1.70255646,2.391935056
6.6,1.704841977,2.392444394
6.61,1.707119189,2.393046978
6.62,1.709388094,2.393776104
6.63,1.711648695,2.394511327
6.64,1.713900989,2.395252647
6.65,1.716144978,2.396000063
6.66,1.718380661,2.396753577
6.67,1.720618564,2.397513187
6.68,1.722857956,2.398278894
6.69,1.72508214,2.399050698
6.7,1.727276404,2.399828599
6.71,1.729428331,2.400612597
6.72,1.731528112,2.401402691
6.73,1.733568856,2.402198883
6.74,1.735546901,2.403001171
6.75,1.737462123,2.403809556
6.76,1.73931825,2.404624038
6.77,1.741123169,2.405444617
6.78,1.74288924,2.406271293
6.79,1.744633603,2.407104066
6.8,1.74635553,2.407942935
6.81,1.748046933,2.408787902
6.82,1.749704517,2.409638965
6.83,1.751287464,2.410496125
6.84,1.753231976,2.411359382
6.85,1.756432002,2.412228736
6.86,1.759553764,2.413125068
6.87,1.76259726,2.414057944
6.88,1.765562491,2.415000737
6.89,1.768449457,2.415953447
6.9,1.771258158,2.416916074
6.91,1.773988594,2.417888618
6.92,1.776640765,2.41887108
6.93,1.77921467,2.419863459
6.94,1.78171031,2.420865755
6.95,1.784127686,2.421877968
6.96,1.786466796,2.422900098
6.97,1.788727641,2.423932146
6.98,1.79091022,2.424974111
6.99,1.793014535,2.426025993
7,1.795040585,2.427087793
7.01,1.796988369,2.428159509
7.02,1.798857888,2.429241143
7.03,1.800649142,2.430332694
7.04,1.802362131,2.431434162
7.05,1.803996855,2.432545548
7.06,1.805553314,2.43366685
7.07,1.807031507,2.43479807
7.08,1.808606906,2.435939207
7.09,1.8106674,2.437090261
7.1,1.812751373,2.438235154
7.11,1.814858825,2.439124329
7.12,1.816989757,2.440001316
7.13,1.819144169,2.440866116
7.14,1.82132206,2.441718729
7.15,1.823523431,2.442559155
7.16,1.825748281,2.443387393
7.17,1.827996611,2.444203444
7.18,1.83026842,2.445007307
7.19,1.832563709,2.445798983
7.2,1.834882477,2.446578472
7.21,1.837224725,2.447345773
7.22,1.839590453,2.448100888
7.23,1.84197966,2.448843814
7.24,1.844392346,2.449574554
7.25,1.846828513,2.450293106
7.26,1.849288158,2.450999471
7.27,1.851771283,2.451693649
7.28,1.854277888,2.452375639
7.29,1.856807972,2.453045442
7.3,1.859361536,2.453703057
7.31,1.86193858,2.454348485
7.32,1.864539102,2.454981726
7.33,1.862462816,2.45560278
7.34,1.864786687,2.456211646
7.35,1.867112773,2.456808325
7.36,1.869456014,2.457392817
7.37,1.871816408,2.457965121
7.38,1.874193956,2.458525238
7.39,1.876588658,2.459073167
7.4,1.879000514,2.45960891
7.41,1.881429524,2.460132464
7.42,1.883875688,2.460643832
7.43,1.886339006,2.461143012
7.44,1.888819478,2.461630005
7.45,1.891317103,2.462104811
7.46,1.893831883,2.462567429
7.47,1.896363817,2.46301786
7.48,1.898934249,2.463456104
7.49,1.901551686,2.463989934
7.5,1.904172485,2.464597008
7.51,1.906758638,2.465201403
7.52,1.909278445,2.465803119
7.53,1.911707175,2.466402155
7.54,1.914027735,2.466998512
7.55,1.916231342,2.46759219
7.56,1.918318186,2.468183189
7.57,1.920298098,2.468771508
7.58,1.92219122,2.469357149
7.59,1.924028672,2.46994011
7.6,1.925853216,2.470520392
7.61,1.92767336,2.471097994
7.62,1.929462923,2.471672918
7.63,1.931221906,2.472245162
7.64,1.932950309,2.472814728
7.65,1.934648132,2.473381614
7.66,1.936315375,2.47394582
7.67,1.937952038,2.474507348
7.68,1.939558121,2.475066196
7.69,1.941133624,2.475622365
7.7,1.942651117,2.476175855
7.71,1.944126921,2.476726666
7.72,1.945591402,2.477274798
7.73,1.947071108,2.47782025
7.74,1.94858818,2.478363023
7.75,1.950159781,2.478903117
7.76,1.951797513,2.479440532
7.77,1.953506841,2.479975268
7.78,1.955286508,2.480507324
7.79,1.957127966,2.481036701
7.8,1.959014786,2.481563399
7.81,1.960922089,2.482194746
7.82,1.962815959,2.48293442
7.83,1.964712718,2.483684221
7.84,1.966620289,2.484444151
7.85,1.968538675,2.485214208
7.86,1.970467873,2.485994395
7.87,1.972407885,2.486784709
7.88,1.974358711,2.487585151
7.89,1.97632035,2.488395722
7.9,1.978292802,2.489216421
7.91,1.980276068,2.490047249
7.92,1.982270147,2.490888204
7.93,1.98427504,2.491739288
7.94,1.986290746,2.4926005
7.95,1.988317265,2.49347184
7.96,1.990354599,2.494353308
7.97,1.992402745,2.495244905
7.98,1.994464356,2.49614663
7.99,1.996543852,2.497058483
8,1.998632639,2.497980464
8.01,2.000723245,2.498912574
8.02,2.002809436,2.499854812
8.03,2.004886332,2.500807178
8.04,2.006950529,2.501769672
8.05,2.009000214,2.502742295
8.06,2.011035281,2.503725046
8.07,2.013057453,2.504717925
8.08,2.015070395,2.505720932
8.09,2.017079835,2.506734067
8.1,2.019093682,2.507757331
8.11,2.021116355,2.508790723
8.12,2.02314143,2.509834243
8.13,2.025168907,2.510887892
8.14,2.027198786,2.511951668
8.15,2.029231067,2.513025573
8.16,2.03126575,2.514109606
8.17,2.033302835,2.515052537
8.18,2.035342322,2.515893967
8.19,2.037384211,2.516731733
8.2,2.039428502,2.517565834
8.21,2.041475194,2.51839627
8.22,2.043526987,2.519223042
8.23,2.045599209,2.520046149
8.24,2.047673258,2.520865591
8.25,2.049732665,2.521681368
8.26,2.051763399,2.522493481
8.27,2.053754156,2.523301929
8.28,2.055696663,2.524106712
8.29,2.057585967,2.524907831
8.3,2.059420737,2.525705285
8.31,2.061203559,2.526499074
8.32,2.062941231,2.527289198
8.33,2.064645059,2.528075658
8.34,2.066331159,2.528858453
8.35,2.068014861,2.529637583
8.36,2.069679767,2.530413049
8.37,2.071325878,2.531184849
8.38,2.072953193,2.531952986
8.39,2.074561712,2.532717457
8.4,2.076151436,2.533478263
8.41,2.077722364,2.534235405
8.42,2.079274496,2.534965801
8.43,2.080807833,2.535674001
8.44,2.082322374,2.536375474
8.45,2.08381812,2.537070223
8.46,2.08529507,2.537758245
8.47,2.086753224,2.538439542
8.48,2.088192582,2.539114113
8.49,2.089613145,2.539781958
8.5,2.091014912,2.540443078
8.51,2.092381996,2.541097472
8.52,2.093720469,2.541745141
8.53,2.095051478,2.542386083
8.54,2.09639316,2.543020301
8.55,2.097760351,2.543647792
8.56,2.099164272,2.544268558
8.57,2.100612232,2.544882598
8.58,2.10210732,2.545489912
8.59,2.103648106,2.546090501
8.6,2.105228334,2.546684364
8.61,2.10683662,2.547271502
8.62,2.108456148,2.547851914
8.63,2.110064365,2.5484256
8.64,2.111667346,2.54899256
8.65,2.113273235,2.549552795
8.66,2.114882033,2.550106304
8.67,2.11649374,2.550653087
8.68,2.118108355,2.551193145
8.69,2.119725878,2.551726477
8.7,2.12134631,2.552253084
8.71,2.12296965,2.552790559
8.72,2.124595898,2.553510041
8.73,2.126225055,2.554236248
8.74,2.127857121,2.554969181
8.75,2.129492094,2.55570884
8.76,2.131129977,2.556455225
8.77,2.132767478,2.557208335
8.78,2.134405779,2.55796817
8.79,2.136049298,2.558734732
8.8,2.137701854,2.559508019
8.81,2.139366597,2.560288032
8.82,2.141045937,2.56107477
8.83,2.142741477,2.561868235
8.84,2.14445394,2.562668424
8.85,2.146183107,2.56347534
8.86,2.147927737,2.564288981
8.87,2.149685509,2.565109348
8.88,2.151452944,2.56593644
8.89,2.153225338,2.566770258
8.9,2.155003873,2.567610802
8.91,2.156790275,2.568458072
8.92,2.158584546,2.569312067
8.93,2.160386685,2.570172788
8.94,2.162196691,2.571040234
8.95,2.164014566,2.571914406
8.96,2.165840308,2.572782318
8.97,2.167673919,2.573493962
8.98,2.169515397,2.574198881
8.99,2.171364743,2.574897073
9,2.173221957,2.57558854
9.01,2.175092403,2.576273281
9.02,2.176976767,2.576951297
9.03,2.178865484,2.577622587
9.04,2.18075019,2.578287151
9.05,2.182623882,2.57894499
9.06,2.184481077,2.579596103
9.07,2.18631797,2.58024049
9.08,2.188132594,2.580878151
9.09,2.189924977,2.581509087
9.1,2.191697302,2.582133298
9.11,2.193454066,2.582750782
9.12,2.195202237,2.583361541
9.13,2.196951416,2.583965574
9.14,2.198702289,2.584562882
9.15,2.20044968,2.585153464
9.16,2.202193588,2.58573732
9.17,2.203934013,2.586314451
9.18,2.205670955,2.586884856
9.19,2.207404414,2.587448535
9.2,2.20913439,2.588005489
9.21,2.210860883,2.588555717
9.22,2.212583894,2.589099219
9.23,2.214303421,2.589635995
9.24,2.216019466,2.590166046
9.25,2.217732027,2.590689372
9.26,2.219441106,2.591355914
9.27,2.221146702,2.592139619
9.28,2.222848815,2.5929339
9.29,2.224547633,2.593738758
9.3,2.226255363,2.594554191
9.31,2.227960309,2.595380201
9.32,2.22965221,2.596216788
9.33,2.231322395,2.59706395
9.34,2.23296394,2.597921689
9.35,2.234571818,2.598790004
9.36,2.236143061,2.599668896
9.37,2.237676907,2.600558363
9.38,2.239174963,2.601458407
9.39,2.240641354,2.602369027
9.4,2.242082882,2.603290224
9.41,2.243509178,2.604221997
9.42,2.244932448,2.605164346
9.43,2.24634115,2.606117271
9.44,2.247735286,2.607080772
9.45,2.249114853,2.60805485
9.46,2.250479853,2.609039504
9.47,2.251830286,2.610034734
9.48,2.253166151,2.611000117
9.49,2.254487449,2.611690226
9.5,2.255794179,2.612363385
9.51,2.257086342,2.613019593
9.52,2.258363937,2.613658852
9.53,2.259626965,2.61428116
9.54,2.260875425,2.614886519
9.55,2.262109318,2.615474927
9.56,2.263328644,2.616046386
9.57,2.264533402,2.616600894
9.58,2.265723592,2.617138453
9.59,2.266899215,2.617659061
9.6,2.26806027,2.618162719
9.61,2.269206758,2.618649428
9.62,2.270338679,2.619119186
9.63,2.271456032,2.619571994
9.64,2.27255172,2.620007852
9.65,2.273618301,2.620426761
9.66,2.274674931,2.620828719
9.67,2.275738023,2.621213727
9.68,2.276821028,2.621581785
9.69,2.277934222,2.621932893
9.7,2.27908449,2.622267051
9.71,2.280275103,2.622584259
9.72,2.281505511,2.622884517
9.73,2.282771118,2.623167825
9.74,2.284063073,2.623434183
9.75,2.285368046,2.623752315
9.76,2.286668019,2.624353315
9.77,2.287955548,2.624963387
9.78,2.289243983,2.625582532
9.79,2.290533324,2.62621075
9.8,2.291823571,2.62684804
9.81,2.293114725,2.627494403
9.82,2.294406785,2.628149838
9.83,2.29569975,2.628814346
9.84,2.296993622,2.629487926
9.85,2.2982884,2.630170579
9.86,2.299584084,2.630862305
9.87,2.300880674,2.631563103
9.88,2.302178171,2.632272973
9.89,2.303476573,2.632991916
9.9,2.304775881,2.633719932
9.91,2.306076096,2.63445702
9.92,2.307377217,2.635203181
9.93,2.308685518,2.635958415
9.94,2.30999623,2.63672272
9.95,2.311303214,2.637496099
9.96,2.312601245,2.63827855
9.97,2.313886105,2.639070074
9.98,2.315154674,2.63987067
9.99,2.31640502,2.640680338
10,2.317636486,2.64149908
10.01,2.318849789,2.642326894
10.02,2.320047102,2.64316378
10.03,2.32123215,2.644009739
10.04,2.322410298,2.64486477
10.05,2.323588645,2.645728874
10.06,2.324762422,2.646602051
10.07,2.325930621,2.6474843
10.08,2.327093244,2.648375622
10.09,2.328250289,2.649244254
10.1,2.329401758,2.649993139
10.11,2.330547649,2.650742024
10.12,2.331687964,2.651490909
10.13,2.332822701,2.652239794
10.14,2.333951861,2.652988679
10.15,2.335075445,2.653737564
10.16,2.336193451,2.654486449
10.17,2.33730588,2.655235334
10.18,2.338412732,2.65598422
10.19,2.339514008,2.656733105
10.2,2.340609706,2.65748199
10.21,2.341699827,2.658230875
10.22,2.342784371,2.65897976
10.23,2.343863338,2.659728645
10.24,2.344936728,2.66047753
10.25,2.34600411,2.661226415
10.26,2.347055289,2.6619753
10.27,2.348100592,2.662724185
10.28,2.349148986,2.66347307
10.29,2.350207963,2.664221955
10.3,2.351283421,2.66497084
10.31,2.35237954,2.665719726
10.32,2.353498671,2.666468611
10.33,2.354641214,2.667217496
10.34,2.355805498,2.667966381
10.35,2.356987663,2.668715266
10.36,2.358181544,2.669464151
10.37,2.35937855,2.670213036
10.38,2.360568487,2.670961921
10.39,2.361761328,2.671710806
10.4,2.362957072,2.672459691
10.41,2.36415572,2.673208576
10.42,2.365357271,2.673957461
10.43,2.366561727,2.674723417
10.44,2.367769086,2.675554582
10.45,2.368979349,2.676390392
10.46,2.370192516,2.677230849
10.47,2.371408586,2.678075951
10.48,2.372627561,2.678925699
10.49,2.373849439,2.679780094
10.5,2.375074221,2.680639134
10.51,2.376301906,2.68150282
10.52,2.377532496,2.682371153
10.53,2.378765989,2.683244131
10.54,2.380002386,2.684121755
10.55,2.381241686,2.685004025
10.56,2.382492987,2.685890941
10.57,2.383751807,2.686782504
10.58,2.385006926,2.687678712
10.59,2.38624878,2.688579566
10.6,2.38746961,2.689485066
10.61,2.38866362,2.690395212
10.62,2.389827125,2.691310004
10.63,2.390958705,2.692229442
10.64,2.392059356,2.693153526
10.65,2.393132644,2.694082256
10.66,2.394184856,2.695015632
10.67,2.395225154,2.695953654
10.68,2.396265726,2.696896322
10.69,2.39730209,2.697843636
10.7,2.398330469,2.698795596
10.71,2.399350862,2.699752202
10.72,2.40036327,2.700713454
10.73,2.401367693,2.701679352
10.74,2.40236413,2.702649895
10.75,2.403352582,2.703625085
10.76,2.404333049,2.704604921
10.77,2.40530553,2.705589403
10.78,2.406270026,2.70657853
10.79,2.407226537,2.707528154
10.8,2.408175062,2.708374606
10.81,2.409115602,2.709217604
10.82,2.410048157,2.710057145
10.83,2.410972726,2.710893231
10.84,2.41188931,2.711725862
10.85,2.412797908,2.712555037
10.86,2.413698521,2.713380757
10.87,2.414591149,2.714203021
10.88,2.415475792,2.715021829
10.89,2.416353947,2.715837182
10.9,2.417224411,2.71664908
10.91,2.418085765,2.717457522
10.92,2.418936814,2.718262508
10.93,2.419776609,2.719064039
10.94,2.42060446,2.719862115
10.95,2.421419958,2.720656735
10.96,2.422222994,2.721447899
10.97,2.423013772,2.722235608
10.98,2.423792835,2.723019861
10.99,2.424561077,2.723800659
11,2.425319765,2.724578001
11.01,2.426070555,2.725351888
11.02,2.426812243,2.72612232
11.03,2.427544637,2.726889295
11.04,2.428267735,2.727652816
11.05,2.428981539,2.728412881
11.06,2.429686047,2.72916949
11.07,2.430381261,2.729922644
11.08,2.431067179,2.730672342
11.09,2.431743802,2.731418584
11.1,2.432411131,2.732161372
11.11,2.433069164,2.732922329
11.12,2.433717902,2.733753747
11.13,2.434357345,2.734587408
11.14,2.434987493,2.735423311
11.15,2.435608346,2.736261456
11.16,2.436219904,2.737101844
11.17,2.436817788,2.737944474
11.18,2.437399259,2.738789346
11.19,2.437974258,2.739636461
11.2,2.438551397,2.740485818
11.21,2.439137817,2.741337418
11.22,2.439739052,2.74219126
11.23,2.44035889,2.743047344
11.24,2.440999238,2.743905671
11.25,2.441659979,2.74476624
11.26,2.442338839,2.745629051
11.27,2.443031245,2.746494105
11.28,2.443730189,2.747361401
11.29,2.44442609,2.74823094
11.3,2.445116208,2.749102721
11.31,2.445806903,2.749976744
11.32,2.446498175,2.75085301
11.33,2.447190022,2.751731518
11.34,2.447882447,2.752612268
11.35,2.448575447,2.753495261
11.36,2.449269024,2.754380496
11.37,2.449963178,2.755267974
11.38,2.450657908,2.756157694
11.39,2.451353214,2.757049656
11.4,2.452049096,2.75794386
11.41,2.452745556,2.758648606
11.42,2.453442591,2.759271258
11.43,2.454140203,2.759878883
11.44,2.454838391,2.760471481
11.45,2.455537156,2.761049053
11.46,2.456236497,2.761611598
11.47,2.456936415,2.762159117
11.48,2.457636909,2.762691609
11.49,2.458337979,2.763209075
11.5,2.459039626,2.763711514
11.51,2.459741849,2.764198927
11.52,2.460445592,2.764671313
11.53,2.461158215,2.765128672
11.54,2.461871148,2.765620539
11.55,2.462576998,2.766250775
11.56,2.463269639,2.766893039
11.57,2.463944302,2.767547333
11.58,2.46459767,2.768213656
11.59,2.46522797,2.768892008
11.6,2.465835061,2.769582389
11.61,2.466420532,2.770284799
11.62,2.46698779,2.770999238
11.63,2.467542154,2.771725707
11.64,2.468090947,2.772464204
11.65,2.468641526,2.77321473
11.66,2.469186096,2.773977285
11.67,2.469724656,2.77475187
11.68,2.470257208,2.775538483
11.69,2.470783751,2.776337126
11.7,2.471304284,2.777147797
11.71,2.471818809,2.777970498
11.72,2.472327324,2.778805227
11.73,2.47282983,2.779651986
11.74,2.473326327,2.780510774
11.75,2.473816815,2.781381591
11.76,2.474301294,2.782264436
11.77,2.474779764,2.783159311
11.78,2.475252225,2.784066215
11.79,2.475718677,2.784985148
11.8,2.476179119,2.78591611
11.81,2.476633553,2.786859101
11.82,2.477081977,2.787814121
11.83,2.477524392,2.788781171
11.84,2.477960798,2.789760249
11.85,2.478391195,2.790751356
11.86,2.478815583,2.791588471
11.87,2.479233962,2.792395196
11.88,2.479646332,2.793201728
11.89,2.480048619,2.794008067
11.9,2.480441558,2.794814212
11.91,2.480831436,2.795620165
11.92,2.48122358,2.796425924
11.93,2.481622279,2.79723149
11.94,2.482030721,2.798036863
11.95,2.482450919,2.798842043
11.96,2.482883641,2.79964703
11.97,2.483328346,2.800451823
11.98,2.483783106,2.801256424
11.99,2.484244544,2.802060831
12,2.484707758,2.802865045
12.01,2.485166257,2.803669067
12.02,2.485620773,2.804472895
12.03,2.486074263,2.805276529
12.04,2.486526728,2.806079971
12.05,2.486978167,2.80688322
12.06,2.48742858,2.807686275
12.07,2.487877968,2.808489138
12.08,2.48832633,2.809291807
12.09,2.488773666,2.810094283
12.1,2.489219976,2.810896566
12.11,2.489665261,2.811698656
12.12,2.49010952,2.812500553
12.13,2.490552753,2.813302256
12.14,2.49099496,2.814103767
12.15,2.491436142,2.814905084
12.16,2.491876298,2.815706208
12.17,2.492315429,2.816507139
12.18,2.492753533,2.817307877
12.19,2.493190612,2.818108422
12.2,2.493626665,2.818908774
12.21,2.494061693,2.819708933
12.22,2.494495694,2.820508898
12.23,2.49492867,2.82130867
12.24,2.49536062,2.822044265
12.25,2.495791545,2.822661101
12.26,2.496221444,2.823268663
12.27,2.496650317,2.82386695
12.28,2.497078164,2.824455964
12.29,2.497504986,2.825035703
12.3,2.497930782,2.825606168
12.31,2.498355552,2.82616736
12.32,2.498779296,2.826719276
12.33,2.499214937,2.827261919
12.34,2.499658581,2.827795288
12.35,2.500091578,2.828319382
12.36,2.500498317,2.828834203
12.37,2.500866401,2.829339749
12.38,2.501186817,2.829836021
12.39,2.501454115,2.830323019
12.4,2.501666574,2.830800743
12.41,2.501826378,2.831269192
12.42,2.50193979,2.831728368
12.43,2.502017321,2.832178269
12.44,2.502073907,2.832618896
12.45,2.50212908,2.83305025
12.46,2.502178949,2.833472328
12.47,2.502215433,2.833885133
12.48,2.502238534,2.834288664
12.49,2.502248251,2.834827842
12.5,2.502244584,2.835647271
12.51,2.502227533,2.836489951
12.52,2.502197098,2.837355883
12.53,2.502153279,2.838245066
12.54,2.502096076,2.8391575
12.55,2.502011292,2.840093186
12.56,2.50191089,2.841052124
12.57,2.501807381,2.842034312
12.58,2.501711628,2.843039753
12.59,2.501632602,2.844068444
12.6,2.501577138,2.845120387
12.61,2.501549691,2.846195582
12.62,2.501552095,2.847294028
12.63,2.501583317,2.848415725
12.64,2.501639216,2.849560674
12.65,2.501712296,2.850728874
12.66,2.501791468,2.851920325
12.67,2.501861801,2.853135028
12.68,2.501935258,2.854372983
12.69,2.502012735,2.855634188
12.7,2.502094232,2.856918646
12.71,2.502179748,2.858226354
12.72,2.502269284,2.859557314
12.73,2.50236284,2.860911526
12.74,2.502460416,2.86211387
12.75,2.502562011,2.862972146
12.76,2.502667627,2.863813029
12.77,2.502777262,2.864636517
12.78,2.502890916,2.865442611
12.79,2.503008591,2.866231312
12.8,2.503130285,2.867002618
12.81,2.503255999,2.867756531
12.82,2.503385733,2.868493049
12.83,2.503519487,2.869212174
12.84,2.50365726,2.869913904
12.85,2.503799053,2.870598241
12.86,2.503944866,2.871265183
12.87,2.504094699,2.871914732
12.88,2.504248551,2.872546887
12.89,2.504406423,2.873161648
12.9,2.504568315,2.873759014
12.91,2.504734227,2.874338987
12.92,2.504904158,2.874901566
12.93,2.50507811,2.875446751
12.94,2.505256081,2.875974542
12.95,2.505438071,2.876484939
12.96,2.505637557,2.876977942
12.97,2.505858429,2.877453551
12.98,2.506073719,2.877911766
12.99,2.50626064,2.878352587
13,2.506400853,2.878776014
13.01,2.50648072,2.879182047
13.02,2.506491566,2.879570686
13.03,2.506429935,2.879941931
13.04,2.50629785,2.880623609
13.05,2.50610307,2.881374382
13.06,2.505859351,2.882133513
13.07,2.505586702,2.882901
13.08,2.505311645,2.883676843
13.09,2.505038072,2.884461043
13.1,2.504750038,2.8852536
13.11,2.504447542,2.886054514
13.12,2.504130584,2.886863784
13.13,2.503799165,2.887681411
13.14,2.503453285,2.888507394
13.15,2.503092943,2.889341734
13.16,2.502718139,2.890184431
13.17,2.502328874,2.891035484
13.18,2.501925148,2.891894895
13.19,2.50150696,2.892762661
13.2,2.50107431,2.893638785
13.21,2.500627199,2.894523265
13.22,2.500165626,2.895416102
13.23,2.499689592,2.896317295
13.24,2.499199096,2.897226846
13.25,2.498694139,2.898144752
13.26,2.49817472,2.899071016
13.27,2.497628164,2.900005636
13.28,2.49705285,2.900948613
13.29,2.496471808,2.901899946
13.3,2.495904802,2.902859637
13.31,2.49536803,2.903827683
13.32,2.49487383,2.904804087
13.33,2.494430379,2.905689114
13.34,2.494041397,2.906374406
13.35,2.493705848,2.907048307
13.36,2.493417644,2.907710819
13.37,2.493165348,2.908361941
13.38,2.492931871,2.909001673
13.39,2.49269418,2.909630015
13.4,2.492450656,2.910246967
13.41,2.492213957,2.91085253
13.42,2.491984084,2.911446703
13.43,2.491761035,2.912029485
13.44,2.491544811,2.912600879
13.45,2.491335413,2.913160882
13.46,2.49113284,2.913709495
13.47,2.490937091,2.914246719
13.48,2.490748168,2.914772553
13.49,2.49056607,2.915286997
13.5,2.490390797,2.915790051
13.51,2.49022235,2.916281715
13.52,2.490060727,2.91676199
13.53,2.489910595,2.917230874
13.54,2.48977276,2.917688369
13.55,2.489638657,2.918134474
13.56,2.489500841,2.918687792
13.57,2.489353115,2.919254805
13.58,2.489190667,2.919821818
13.59,2.489010195,2.920388831
13.6,2.488810047,2.920955844
13.61,2.488590344,2.921522857
13.62,2.488353118,2.92208987
13.63,2.488102444,2.922656883
13.64,2.487844565,2.923223896
13.65,2.487588032,2.923790909
13.66,2.48733365,2.924357922
13.67,2.487076672,2.924924935
13.68,2.4868171,2.925491948
13.69,2.486554931,2.926058961
13.7,2.486290167,2.926625974
13.71,2.486022808,2.927192987
13.72,2.485752853,2.92776
13.73,2.485480302,2.928327013
13.74,2.485205156,2.928894026
13.75,2.484927415,2.929461039
13.76,2.484647078,2.930028052
13.77,2.484364145,2.930595065
13.78,2.484078617,2.931235797
13.79,2.483790879,2.931978471
13.8,2.483501008,2.932735581
13.81,2.483208287,2.933507125
13.82,2.482912091,2.934293104
13.83,2.482611902,2.935093518
13.84,2.482307315,2.935908367
13.85,2.481998054,2.936737651
13.86,2.481683979,2.93758137
13.87,2.481365099,2.938439523
13.88,2.481041583,2.939312111
13.89,2.480713772,2.940199135
13.9,2.480382187,2.941100593
13.91,2.480047542,2.942016486
13.92,2.479709915,2.942946814
13.93,2.479368928,2.943891576
13.94,2.479024422,2.944850774
13.95,2.478676577,2.945824406
13.96,2.478325393,2.946812473
13.97,2.47797087,2.947814975
13.98,2.477613009,2.948831912
13.99,2.477251809,2.949863284
14,2.47688727,2.950909091
