f,s21
0,0.586787565
0.01,0.58716005
0.02,0.587416979
0.03,0.587558351
0.04,0.587584167
0.05,0.587494426
0.06,0.587289129
0.07,0.586968276
0.08,0.586531865
0.09,0.585979899
0.1,0.585312375
0.11,0.584529296
0.12,0.58363066
0.13,0.582616467
0.14,0.581486718
0.15,0.580241412
0.16,0.57888055
0.17,0.577404131
0.18,0.575812156
0.19,0.574104625
0.2,0.572281537
0.21,0.570342892
0.22,0.568288691
0.23,0.566118933
0.24,0.563833619
0.25,0.561432748
0.26,0.558916321
0.27,0.556284338
0.28,0.553536798
0.29,0.550673701
0.3,0.547695048
0.31,0.544600838
0.32,0.541391072
0.33,0.53806575
0.34,0.534624871
0.35,0.531068435
0.36,0.527396443
0.37,0.523608894
0.38,0.519705789
0.39,0.515687128
0.4,0.51155291
0.41,0.507303135
0.42,0.56371399
0.43,0.559490848
0.44,0.555010765
0.45,0.550273739
0.46,0.545279772
0.47,0.540028862
0.48,0.534521011
0.49,0.528756218
0.5,0.522734482
0.51,0.516455805
0.52,0.509920186
0.53,0.503127625
0.54,0.496078122
0.55,0.488771677
0.56,0.48120829
0.57,0.473387961
0.58,0.465310691
0.59,0.456976478
0.6,0.448385323
0.61,0.439537226
0.62,0.430432188
0.63,0.421070207
0.64,0.411451285
0.65,0.40157542
0.66,0.391442614
0.67,0.381052866
0.68,0.370406175
0.69,0.359502543
0.7,0.348341969
0.71,0.336924453
0.72,0.325249995
0.73,0.313318595
0.74,0.301130253
0.75,0.292796352
0.76,0.288214064
0.77,0.283884703
0.78,0.279808269
0.79,0.275984763
0.8,0.272414184
0.81,0.269096532
0.82,0.266031808
0.83,0.26322001
0.84,0.26066114
0.85,0.258355197
0.86,0.256302181
0.87,0.254502093
0.88,0.252954932
0.89,0.251660698
0.9,0.250619391
0.91,0.249831011
0.92,0.249295559
0.93,0.249013034
0.94,0.248983436
0.95,0.249206765
0.96,0.249683022
0.97,0.250412206
0.98,0.251394317
0.99,0.252629355
1,0.254117321
1.01,0.255858213
1.02,0.257852033
1.03,0.26009878
1.04,0.262598455
1.05,0.265351057
1.06,0.268356585
1.07,0.271615042
1.08,0.275126425
1.09,0.278890736
1.1,0.282907973
1.11,0.287178138
1.12,0.291701231
1.13,0.294889528
1.14,0.292917306
1.15,0.290845892
1.16,0.288675286
1.17,0.28640549
1.18,0.284036501
1.19,0.281568322
1.2,0.279000951
1.21,0.276334388
1.22,0.273568634
1.23,0.270703688
1.24,0.267739551
1.25,0.264676222
1.26,0.261513702
1.27,0.25825199
1.28,0.254891087
1.29,0.251430992
1.3,0.247871706
1.31,0.244213229
1.32,0.240455559
1.33,0.236598699
1.34,0.232642647
1.35,0.228587403
1.36,0.224432968
1.37,0.220179342
1.38,0.215826523
1.39,0.211374514
1.4,0.206823313
1.41,0.20217292
1.42,0.197423336
1.43,0.192574561
1.44,0.187626594
1.45,0.182579435
1.46,0.178071474
1.47,0.175420733
1.48,0.17282127
1.49,0.170273084
1.5,0.167776177
1.51,0.165330549
1.52,0.162936198
1.53,0.160593125
1.54,0.15830133
1.55,0.156060814
1.56,0.153871575
1.57,0.151733615
1.58,0.149646933
1.59,0.147611529
1.6,0.145627403
1.61,0.143694555
1.62,0.141812985
1.63,0.139982693
1.64,0.13820368
1.65,0.136475944
1.66,0.134799487
1.67,0.133174308
1.68,0.131600407
1.69,0.130077784
1.7,0.128606439
1.71,0.127186372
1.72,0.125817583
1.73,0.124500072
1.74,0.12323384
1.75,0.122018885
1.76,0.120855209
1.77,0.119742811
1.78,0.118681691
1.79,0.117671849
1.8,0.116713285
1.81,0.115805999
1.82,0.114949991
1.83,0.114145262
1.84,0.11339181
1.85,0.112689637
1.86,0.112038741
1.87,0.111439124
1.88,0.110890785
1.89,0.110393724
1.9,0.109947941
1.91,0.109553436
1.92,0.10921021
1.93,0.108918261
1.94,0.108677591
1.95,0.108488198
1.96,0.108350084
1.97,0.108263248
1.98,0.10822769
1.99,0.10824341
2,0.108310408
2.01,0.108428684
2.02,0.108598239
2.03,0.108819071
2.04,0.109091182
2.05,0.10941457
2.06,0.109789237
2.07,0.110215182
2.08,0.110692405
2.09,0.111220906
2.1,0.111800685
2.11,0.112431743
2.12,0.113114078
2.13,0.113847692
2.14,0.114632583
2.15,0.115468753
2.16,0.116356201
2.17,0.117294927
2.18,0.118284931
2.19,0.119326213
2.2,0.120418773
2.21,0.121562611
2.22,0.122757728
2.23,0.124004122
2.24,0.125301795
2.25,0.126650746
2.26,0.128050975
2.27,0.129502482
2.28,0.131005267
2.29,0.131770573
2.3,0.130480531
2.31,0.129173263
2.32,0.127848769
2.33,0.126507049
2.34,0.125148103
2.35,0.123771932
2.36,0.122378535
2.37,0.120967912
2.38,0.119540063
2.39,0.118094988
2.4,0.116632688
2.41,0.115153161
2.42,0.113656409
2.43,0.112142431
2.44,0.110611227
2.45,0.109062798
2.46,0.107497143
2.47,0.105914261
2.48,0.104314154
2.49,0.102696821
2.5,0.101062263
2.51,0.099410478
2.52,0.097741468
2.53,0.096055232
2.54,0.09435177
2.55,0.092631082
2.56,0.090893169
2.57,0.08913803
2.58,0.087365664
2.59,0.085576074
2.6,0.083769257
2.61,0.081945214
2.62,0.080103946
2.63,0.078245452
2.64,0.076369732
2.65,0.074476786
2.66,0.072566614
2.67,0.070639217
2.68,0.068694593
2.69,0.066732744
2.7,0.064753669
2.71,0.062757369
2.72,0.060743842
2.73,0.05871309
2.74,0.056665112
2.75,0.054599908
2.76,0.052517478
2.77,0.050417822
2.78,0.048300941
2.79,0.046166834
2.8,0.044015501
2.81,0.041846942
2.82,0.039661157
2.83,0.037458147
2.84,0.03523791
2.85,0.033000448
2.86,0.03074576
2.87,0.028473847
2.88,0.026184707
2.89,0.023878342
2.9,0.021554751
2.91,0.019213934
2.92,0.016855891
2.93,0.015312511
2.94,0.014823771
2.95,0.014375737
2.96,0.01396841
2.97,0.013601789
2.98,0.013275875
2.99,0.012990667
3,0.012746166
3.01,0.012542371
3.02,0.012379283
3.03,0.012256901
3.04,0.012175226
3.05,0.012134257
3.06,0.012133995
3.07,0.012174439
3.08,0.01225559
3.09,0.012377447
3.1,0.012540011
3.11,0.012743281
3.12,0.012987258
3.13,0.013271941
3.14,0.013597331
3.15,0.013963427
3.16,0.014370229
3.17,0.014817739
3.18,0.015305954
3.19,0.015834876
3.2,0.016404505
3.21,0.01701484
3.22,0.017665882
3.23,0.01835763
3.24,0.019090085
3.25,0.019863246
3.26,0.020677113
3.27,0.021531687
3.28,0.022426968
3.29,0.023362955
3.3,0.024339649
3.31,0.025357049
3.32,0.026415155
3.33,0.027513968
3.34,0.028653488
3.35,0.029833714
3.36,0.031054646
3.37,0.032316286
3.38,0.033618631
3.39,0.034961683
3.4,0.036345442
3.41,0.037769907
3.42,0.039235078
3.43,0.040740956
3.44,0.042287541
3.45,0.043874832
3.46,0.045502829
3.47,0.047171533
3.48,0.048880944
3.49,0.050522714
3.5,0.050584124
3.51,0.050626097
3.52,0.050648634
3.53,0.050651736
3.54,0.050635401
3.55,0.050599631
3.56,0.050544425
3.57,0.050469782
3.58,0.050375704
3.59,0.05026219
3.6,0.05012924
3.61,0.049976855
3.62,0.049805033
3.63,0.049613775
3.64,0.049403081
3.65,0.049172952
3.66,0.048923386
3.67,0.048654385
3.68,0.048365948
3.69,0.048058075
3.7,0.047730765
3.71,0.04738402
3.72,0.047017839
3.73,0.046632223
3.74,0.04622717
3.75,0.045802681
3.76,0.045358756
3.77,0.044895396
3.78,0.044412599
3.79,0.043910367
3.8,0.043388699
3.81,0.042847595
3.82,0.042287054
3.83,0.041707078
3.84,0.041107666
3.85,0.040488819
3.86,0.039850535
3.87,0.039192815
3.88,0.038515659
3.89,0.037819068
3.9,0.03710304
3.91,0.036367577
3.92,0.035612678
3.93,0.034838342
3.94,0.034044571
3.95,0.033231364
3.96,0.032398721
3.97,0.031546642
3.98,0.030675128
3.99,0.029784177
4,0.02887379
4.01,0.027943968
4.02,0.026994709
4.03,0.026026015
4.04,0.025037884
4.05,0.024030318
4.06,0.023003316
4.07,0.021956878
4.08,0.020891004
4.09,0.019805694
4.1,0.018700948
4.11,0.017576767
4.12,0.016433149
4.13,0.015531065
4.14,0.015485104
4.15,0.015454518
4.16,0.015439307
4.17,0.015439471
4.18,0.015455009
4.19,0.015485922
4.2,0.015532209
4.21,0.015593872
4.22,0.015670909
4.23,0.01576332
4.24,0.015871107
4.25,0.015994268
4.26,0.016132803
4.27,0.016286714
4.28,0.016455999
4.29,0.016640659
4.3,0.016840693
4.31,0.017056102
4.32,0.017286886
4.33,0.017533044
4.34,0.017794577
4.35,0.018071485
4.36,0.018363768
4.37,0.018671425
4.38,0.018994457
4.39,0.019332863
4.4,0.019686645
4.41,0.0200558
4.42,0.020440331
4.43,0.020840236
4.44,0.021255516
4.45,0.021686171
4.46,0.0221322
4.47,0.022593604
4.48,0.023070383
4.49,0.023562536
4.5,0.024070064
4.51,0.024592967
4.52,0.025131244
4.53,0.025684896
4.54,0.026253923
4.55,0.026838325
4.56,0.027438101
4.57,0.028053251
4.58,0.028683777
4.59,0.029329677
4.6,0.029990952
4.61,0.030667602
4.62,0.031359626
4.63,0.032067025
4.64,0.032789798
4.65,0.033527946
4.66,0.034281469
4.67,0.035050367
4.68,0.035834639
4.69,0.036634286
4.7,0.037449308
4.71,0.038279704
4.72,0.039125475
4.73,0.039986621
4.74,0.040863141
4.75,0.041755036
4.76,0.042662306
4.77,0.043584951
4.78,0.04452297
4.79,0.045476363
4.8,0.046445132
4.81,0.047429275
4.82,0.048428793
4.83,0.049443685
4.84,0.050473953
4.85,0.051512766
4.86,0.052566458
4.87,0.053635328
4.88,0.054719374
4.89,0.055818598
4.9,0.056932999
4.91,0.058062577
4.92,0.059207332
4.93,0.060367264
4.94,0.061542374
4.95,0.062732661
4.96,0.063938126
4.97,0.065158767
4.98,0.066394586
4.99,0.067645582
5,0.068911755
5.01,0.070193105
5.02,0.071489633
5.03,0.072801338
5.04,0.07412822
5.05,0.075470279
5.06,0.076827516
5.07,0.078199929
5.08,0.07958752
5.09,0.080990289
5.1,0.082408234
5.11,0.083841357
5.12,0.085289657
5.13,0.086753134
5.14,0.088231788
5.15,0.08972562
5.16,0.091234629
5.17,0.092758815
5.18,0.094298178
5.19,0.095852718
5.2,0.097422436
5.21,0.099007331
5.22,0.100607403
5.23,0.102222653
5.24,0.10385308
5.25,0.105498683
5.26,0.107159465
5.27,0.108835423
5.28,0.110526559
5.29,0.112232871
5.3,0.113954361
5.31,0.115691029
5.32,0.117442873
5.33,0.119209895
5.34,0.120992094
5.35,0.12278947
5.36,0.124602024
5.37,0.126429754
5.38,0.128272662
5.39,0.130130747
5.4,0.13200401
5.41,0.133892449
5.42,0.135796066
5.43,0.13771486
5.44,0.139648831
5.45,0.14159798
5.46,0.143562305
5.47,0.145541808
5.48,0.147536489
5.49,0.149546346
5.5,0.151571381
5.51,0.153611593
5.52,0.155666982
5.53,0.157737548
5.54,0.159823292
5.55,0.161924212
5.56,0.16404031
5.57,0.166171586
5.58,0.168318038
5.59,0.170479668
5.6,0.172656475
5.61,0.174848459
5.62,0.17705562
5.63,0.178967266
5.64,0.179856529
5.65,0.180727343
5.66,0.181579708
5.67,0.182413625
5.68,0.183229093
5.69,0.184026112
5.7,0.184804683
5.71,0.185564805
5.72,0.186306479
5.73,0.187029704
5.74,0.18773448
5.75,0.188420808
5.76,0.189088687
5.77,0.189738118
5.78,0.1903691
5.79,0.190981633
5.8,0.191575718
5.81,0.192151354
5.82,0.192708541
5.83,0.19324728
5.84,0.19376757
5.85,0.194269412
5.86,0.194752805
5.87,0.195217749
5.88,0.195664245
5.89,0.196092292
5.9,0.196501891
5.91,0.19689304
5.92,0.197265742
5.93,0.197619994
5.94,0.197955798
5.95,0.198273154
5.96,0.198572061
5.97,0.198852519
5.98,0.199114529
5.99,0.19935809
6,0.199583202
6.01,0.199789866
6.02,0.199978081
6.03,0.200147847
6.04,0.200299165
6.05,0.200432035
6.06,0.200546455
6.07,0.200642427
6.08,0.200719951
6.09,0.200779026
6.1,0.200819652
6.11,0.200841829
6.12,0.200845558
6.13,0.200830839
6.14,0.20079767
6.15,0.200746054
6.16,0.200675988
6.17,0.200587474
6.18,0.200480511
6.19,0.2003551
6.2,0.20021124
6.21,0.200048931
6.22,0.199868174
6.23,0.199668968
6.24,0.199451314
6.25,0.199215211
6.26,0.198960659
6.27,0.198687659
6.28,0.19839621
6.29,0.198086313
6.3,0.197757967
6.31,0.197411172
6.32,0.197045928
6.33,0.196662236
6.34,0.196260096
6.35,0.195839507
6.36,0.195400469
6.37,0.194942982
6.38,0.194467047
6.39,0.193972664
6.4,0.193459832
6.41,0.192928551
6.42,0.192378821
6.43,0.191810643
6.44,0.191224016
6.45,0.190618941
6.46,0.189995417
6.47,0.189353444
6.48,0.188693023
6.49,0.188014153
6.5,0.187316835
6.51,0.186601068
6.52,0.185866852
6.53,0.185114188
6.54,0.184343075
6.55,0.183553514
6.56,0.182745503
6.57,0.181919045
6.58,0.181074137
6.59,0.180210781
6.6,0.179328977
6.61,0.178583176
6.62,0.178097409
6.63,0.177601888
6.64,0.177096612
6.65,0.176581581
6.66,0.176056795
6.67,0.175522254
6.68,0.174977959
6.69,0.174423909
6.7,0.173860104
6.71,0.173286544
6.72,0.17270323
6.73,0.17211016
6.74,0.171507336
6.75,0.170894758
6.76,0.170272424
6.77,0.169640336
6.78,0.168998493
6.79,0.168346895
6.8,0.167685542
6.81,0.167014435
6.82,0.166333573
6.83,0.165642956
6.84,0.164942584
6.85,0.164232458
6.86,0.163512577
6.87,0.162782941
6.88,0.16204355
6.89,0.161294404
6.9,0.160535504
6.91,0.159766849
6.92,0.158988439
6.93,0.158200275
6.94,0.157402355
6.95,0.156594681
6.96,0.155777252
6.97,0.154950068
6.98,0.15411313
6.99,0.153266437
7,0.152409989
7.01,0.151543786
7.02,0.150667829
7.03,0.149782116
7.04,0.148886649
7.05,0.147981427
7.06,0.147066451
7.07,0.146141719
7.08,0.145207233
7.09,0.144262992
7.1,0.143308997
7.11,0.142345246
7.12,0.141371741
7.13,0.140388481
7.14,0.139395466
7.15,0.138392697
7.16,0.137380173
7.17,0.136357894
7.18,0.13532586
7.19,0.134284071
7.2,0.133232528
7.21,0.13217123
7.22,0.131100177
7.23,0.130019369
7.24,0.128928807
7.25,0.127828489
7.26,0.126718417
7.27,0.125598591
7.28,0.124469009
7.29,0.123329673
7.3,0.122180582
7.31,0.121021736
7.32,0.119853135
7.33,0.11867478
7.34,0.11748667
7.35,0.116288805
7.36,0.115081185
7.37,0.113863811
7.38,0.112636682
7.39,0.111399798
7.4,0.110153159
7.41,0.108896765
7.42,0.107630617
7.43,0.106354714
7.44,0.105069056
7.45,0.103773644
7.46,0.102468476
7.47,0.101153554
7.48,0.099828877
7.49,0.098494446
7.5,0.097150259
7.51,0.097187821
7.52,0.097246427
7.53,0.097326077
7.54,0.097426771
7.55,0.097548508
7.56,0.097691289
7.57,0.097855114
7.58,0.098039983
7.59,0.098245895
7.6,0.098472851
7.61,0.098720851
7.62,0.098989895
7.63,0.099279982
7.64,0.099591113
7.65,0.099923288
7.66,0.100276507
7.67,0.100650769
7.68,0.101046075
7.69,0.101462425
7.7,0.101899819
7.71,0.102358256
7.72,0.102837738
7.73,0.103338263
7.74,0.103859831
7.75,0.104402444
7.76,0.1049661
7.77,0.1055508
7.78,0.106156544
7.79,0.106783331
7.8,0.107431162
7.81,0.108100037
7.82,0.108789956
7.83,0.109500918
7.84,0.110232925
7.85,0.110985975
7.86,0.111760068
7.87,0.112555206
7.88,0.113371387
7.89,0.114208612
7.9,0.115066881
7.91,0.115946193
7.92,0.11684655
7.93,0.11776795
7.94,0.118710393
7.95,0.119673881
7.96,0.120658412
7.97,0.121663987
7.98,0.122690606
7.99,0.123738269
8,0.124806975
8.01,0.125896725
8.02,0.127007519
8.03,0.128139357
8.04,0.129292238
8.05,0.130466163
8.06,0.131661132
8.07,0.131705344
8.08,0.130989399
8.09,0.130227862
8.1,0.129420733
8.11,0.128568012
8.12,0.127669698
8.13,0.126725793
8.14,0.125736295
8.15,0.124701205
8.16,0.123620522
8.17,0.122494248
8.18,0.121322381
8.19,0.120104922
8.2,0.11884187
8.21,0.117533227
8.22,0.116178991
8.23,0.114779163
8.24,0.113333743
8.25,0.111842731
8.26,0.110306127
8.27,0.10872393
8.28,0.107096141
8.29,0.10542276
8.3,0.103703786
8.31,0.101939221
8.32,0.100129063
8.33,0.098273313
8.34,0.096371971
8.35,0.094425036
8.36,0.09243251
8.37,0.090394391
8.38,0.08831068
8.39,0.086181376
8.4,0.084006481
8.41,0.081785993
8.42,0.079519913
8.43,0.077208241
8.44,0.074850976
8.45,0.07244812
8.46,0.069999671
8.47,0.06750563
8.48,0.064965997
8.49,0.062380771
8.5,0.059749954
8.51,0.057073544
8.52,0.054351542
8.53,0.051583947
8.54,0.048770761
8.55,0.045911982
8.56,0.043007611
8.57,0.040057648
8.58,0.037062093
8.59,0.034020945
8.6,0.030934205
8.61,0.027801873
8.62,0.024623949
8.63,0.021400432
8.64,0.018131324
8.65,0.014816623
8.66,0.01145633
8.67,0.008050445
8.68,0.004598967
8.69,0.001101897
8.7,-0.002440765
8.71,-0.006029019
8.72,-0.009662865
8.73,-0.013342304
8.74,-0.017067335
8.75,-0.020837958
8.76,-0.024654173
8.77,-0.02851598
8.78,-0.031941851
8.79,-0.034453879
8.8,-0.036971997
8.81,-0.039496205
8.82,-0.042026505
8.83,-0.044562895
8.84,-0.047105376
8.85,-0.049653947
8.86,-0.052208609
8.87,-0.054769362
8.88,-0.057336206
8.89,-0.05990914
8.9,-0.062488165
8.91,-0.065073281
8.92,-0.067664487
8.93,-0.070261785
8.94,-0.072865172
8.95,-0.075474651
8.96,-0.07809022
8.97,-0.08071188
8.98,-0.083339631
8.99,-0.085973472
9,-0.088613404
9.01,-0.091259427
9.02,-0.093911541
9.03,-0.096569745
9.04,-0.09923404
9.05,-0.101904425
9.06,-0.104580902
9.07,-0.107263469
9.08,-0.109952127
9.09,-0.112646875
9.1,-0.115347714
9.11,-0.118054644
9.12,-0.120767664
9.13,-0.123486776
9.14,-0.126211978
9.15,-0.12894327
9.16,-0.131680654
9.17,-0.134424128
9.18,-0.137173693
9.19,-0.139929348
9.2,-0.142691094
9.21,-0.145458931
9.22,-0.148232859
9.23,-0.151012877
9.24,-0.153798986
9.25,-0.156591186
9.26,-0.159389476
9.27,-0.162193857
9.28,-0.165004329
9.29,-0.167820892
9.3,-0.170643545
9.31,-0.173472289
9.32,-0.176307124
9.33,-0.179148049
9.34,-0.181995065
9.35,-0.184848172
9.36,-0.187707369
9.37,-0.190572658
9.38,-0.193444036
9.39,-0.195884748
9.4,-0.198128999
9.41,-0.200359058
9.42,-0.202574926
9.43,-0.204776603
9.44,-0.206964089
9.45,-0.209137383
9.46,-0.211296487
9.47,-0.213441399
9.48,-0.21557212
9.49,-0.21768865
9.5,-0.219790989
9.51,-0.221879137
9.52,-0.223953094
9.53,-0.226012859
9.54,-0.228058433
9.55,-0.230089817
9.56,-0.232107009
9.57,-0.234110009
9.58,-0.236098819
9.59,-0.238073438
9.6,-0.240033865
9.61,-0.241980101
9.62,-0.243912146
9.63,-0.24583
9.64,-0.247733663
9.65,-0.249623135
9.66,-0.251498415
9.67,-0.253359505
9.68,-0.255206403
9.69,-0.25703911
9.7,-0.258857626
9.71,-0.260661951
9.72,-0.262452084
9.73,-0.264228027
9.74,-0.265989778
9.75,-0.267737338
9.76,-0.269470707
9.77,-0.271189885
9.78,-0.272894872
9.79,-0.274585667
9.8,-0.27622654
9.81,-0.277716129
9.82,-0.279183473
9.83,-0.280628571
9.84,-0.282051424
9.85,-0.283452032
9.86,-0.284830394
9.87,-0.286186511
9.88,-0.287520382
9.89,-0.288832008
9.9,-0.290121388
9.91,-0.291388523
9.92,-0.292633413
9.93,-0.293856057
9.94,-0.295056456
9.95,-0.296234609
9.96,-0.297390517
9.97,-0.29852418
9.98,-0.299635597
9.99,-0.300724769
10,-0.301791695
10.01,-0.302836376
10.02,-0.303858811
10.03,-0.304859001
10.04,-0.305836946
10.05,-0.306792645
10.06,-0.307726099
10.07,-0.308637307
10.08,-0.30952627
10.09,-0.310392988
10.1,-0.310817384
10.11,-0.310605854
10.12,-0.310306731
10.13,-0.309920013
10.14,-0.309445702
10.15,-0.308883796
10.16,-0.308234297
10.17,-0.307497205
10.18,-0.306672518
10.19,-0.305760237
10.2,-0.304760363
10.21,-0.303672894
10.22,-0.302497832
10.23,-0.301235176
10.24,-0.299884927
10.25,-0.298447083
10.26,-0.296921645
10.27,-0.295308614
10.28,-0.293607989
10.29,-0.29181977
10.3,-0.289943957
10.31,-0.28798055
10.32,-0.28592955
10.33,-0.283790955
10.34,-0.281564767
10.35,-0.279250985
10.36,-0.276849609
10.37,-0.274360639
10.38,-0.271784075
10.39,-0.269119918
10.4,-0.266368166
10.41,-0.263528821
10.42,-0.260601882
10.43,-0.257587349
10.44,-0.254485223
10.45,-0.251295502
10.46,-0.248018188
10.47,-0.244653279
10.48,-0.241200777
10.49,-0.237660681
10.5,-0.234032991
10.51,-0.230317708
10.52,-0.22651483
10.53,-0.222624359
10.54,-0.218646294
10.55,-0.214580635
10.56,-0.210427382
10.57,-0.206186535
10.58,-0.201858095
10.59,-0.19744206
10.6,-0.192938432
10.61,-0.18834721
10.62,-0.183668394
10.63,-0.178901984
10.64,-0.17404798
10.65,-0.169106383
10.66,-0.164077192
10.67,-0.158960406
10.68,-0.153756027
10.69,-0.148464054
10.7,-0.147315705
10.71,-0.146972526
10.72,-0.146706309
10.73,-0.146517053
10.74,-0.14640476
10.75,-0.146369428
10.76,-0.146411058
10.77,-0.146529649
10.78,-0.146725203
10.79,-0.146997718
10.8,-0.147347195
10.81,-0.147773634
10.82,-0.148277034
10.83,-0.148857396
10.84,-0.14951472
10.85,-0.150249006
10.86,-0.151060254
10.87,-0.151948463
10.88,-0.152913634
10.89,-0.153955767
10.9,-0.155074862
10.91,-0.156270918
10.92,-0.157543936
10.93,-0.158893916
10.94,-0.160320858
10.95,-0.161824761
10.96,-0.163405626
10.97,-0.165063453
10.98,-0.166798242
10.99,-0.168609992
11,-0.170498705
11.01,-0.172464379
11.02,-0.174507015
11.03,-0.176626612
11.04,-0.178823171
11.05,-0.181096692
11.06,-0.183447175
11.07,-0.18587462
11.08,-0.188379026
11.09,-0.190960394
11.1,-0.193618724
11.11,-0.196354016
11.12,-0.199166269
11.13,-0.202055485
11.14,-0.205021662
11.15,-0.2080648
11.16,-0.211184901
11.17,-0.214381963
11.18,-0.217655987
11.19,-0.221006973
11.2,-0.224434921
11.21,-0.22793983
11.22,-0.231521701
11.23,-0.235180534
11.24,-0.238916328
11.25,-0.242729085
11.26,-0.246618803
11.27,-0.250585483
11.28,-0.254629125
11.29,-0.258749728
11.3,-0.262947293
11.31,-0.26722182
11.32,-0.271573309
11.33,-0.275935855
11.34,-0.277294224
11.35,-0.278632532
11.36,-0.279950779
11.37,-0.281248965
11.38,-0.28252709
11.39,-0.283785154
11.4,-0.285023158
11.41,-0.2862411
11.42,-0.287438982
11.43,-0.288616803
11.44,-0.289774562
11.45,-0.290912261
11.46,-0.292029899
11.47,-0.293127476
11.48,-0.294204993
11.49,-0.295262448
11.5,-0.296299842
11.51,-0.297317176
11.52,-0.298314449
11.53,-0.29929166
11.54,-0.300248811
11.55,-0.301185901
11.56,-0.30210293
11.57,-0.302999898
11.58,-0.303876806
11.59,-0.304733652
11.6,-0.305570438
11.61,-0.306387162
11.62,-0.307183826
11.63,-0.307960429
11.64,-0.308716971
11.65,-0.309453452
11.66,-0.310169872
11.67,-0.310866231
11.68,-0.311369128
11.69,-0.311838183
11.7,-0.31227706
11.71,-0.312685759
11.72,-0.313064278
11.73,-0.313412619
11.74,-0.31373078
11.75,-0.314018763
11.76,-0.314276568
11.77,-0.314504193
11.78,-0.314701639
11.79,-0.314868907
11.8,-0.315005996
11.81,-0.315112906
11.82,-0.315189637
11.83,-0.31523619
11.84,-0.315252563
11.85,-0.315238758
11.86,-0.315194774
11.87,-0.315120611
11.88,-0.31501627
11.89,-0.314881749
11.9,-0.31471705
11.91,-0.314522172
11.92,-0.314297115
11.93,-0.314041879
11.94,-0.313756465
11.95,-0.313440871
11.96,-0.313095099
11.97,-0.312719148
11.98,-0.312313018
11.99,-0.31187671
12,-0.311410222
12.01,-0.310913556
12.02,-0.310880829
12.03,-0.310880829
12.04,-0.310880829
12.05,-0.310880829
12.06,-0.310880829
12.07,-0.310880829
12.08,-0.310880829
12.09,-0.310880829
12.1,-0.310880829
12.11,-0.310880829
12.12,-0.310880829
12.13,-0.310880829
12.14,-0.310880829
12.15,-0.310880829
12.16,-0.310880829
12.17,-0.310880829
12.18,-0.310880829
12.19,-0.310880829
12.2,-0.310880829
12.21,-0.310880829
12.22,-0.310880829
12.23,-0.310880829
12.24,-0.310880829
12.25,-0.310880829
12.26,-0.310880829
12.27,-0.310880829
12.28,-0.310880829
12.29,-0.310880829
12.3,-0.310880829
12.31,-0.311148631
12.32,-0.313015737
12.33,-0.315002973
12.34,-0.317110337
12.35,-0.31933783
12.36,-0.321685451
12.37,-0.324153202
12.38,-0.326741081
12.39,-0.329449088
12.4,-0.332277225
12.41,-0.33522549
12.42,-0.338293884
12.43,-0.341482406
12.44,-0.344791057
12.45,-0.348219837
12.46,-0.351768746
12.47,-0.355437783
12.48,-0.359226949
12.49,-0.363136244
12.5,-0.367165667
12.51,-0.371315219
12.52,-0.3755849
12.53,-0.37997471
12.54,-0.384484648
12.55,-0.389114715
12.56,-0.39386491
12.57,-0.398735235
12.58,-0.403725688
12.59,-0.408836269
12.6,-0.41406698
12.61,-0.419417819
12.62,-0.424888787
12.63,-0.430479883
12.64,-0.436191109
12.65,-0.442022463
12.66,-0.447973945
12.67,-0.454045557
12.68,-0.460237297
12.69,-0.466549165
12.7,-0.472981163
12.71,-0.479533289
12.72,-0.486205544
12.73,-0.492997928
12.74,-0.49991044
12.75,-0.506943081
12.76,-0.51409585
12.77,-0.521368749
12.78,-0.528761776
12.79,-0.536274932
12.8,-0.543908216
12.81,-0.551661629
12.82,-0.559535171
12.83,-0.567460578
12.84,-0.572303119
12.85,-0.577142742
12.86,-0.581979444
12.87,-0.586813226
12.88,-0.591644089
12.89,-0.596472032
12.9,-0.601297055
12.91,-0.606119158
12.92,-0.610938342
12.93,-0.615754606
12.94,-0.62056795
12.95,-0.625378374
12.96,-0.630185878
12.97,-0.634990463
12.98,-0.639792128
12.99,-0.644590873
13,-0.649386698
13.01,-0.654179603
13.02,-0.658969589
13.03,-0.663756655
13.04,-0.668540801
13.05,-0.673322027
13.06,-0.678100333
13.07,-0.68287572
13.08,-0.687648187
13.09,-0.692417734
13.1,-0.697184361
13.11,-0.701948068
13.12,-0.706708856
13.13,-0.711466724
13.14,-0.716221672
13.15,-0.7209737
13.16,-0.725722809
13.17,-0.730468997
13.18,-0.731925202
13.19,-0.73311727
13.2,-0.73411462
13.21,-0.734917251
13.22,-0.735525163
13.23,-0.735938356
13.24,-0.736156831
13.25,-0.736180587
13.26,-0.736009624
13.27,-0.735643942
13.28,-0.735083542
13.29,-0.734328423
13.3,-0.733378585
13.31,-0.732234028
13.32,-0.730894753
13.33,-0.729360759
13.34,-0.727632046
13.35,-0.725708614
13.36,-0.723590464
13.37,-0.721277594
13.38,-0.718770007
13.39,-0.7160677
13.4,-0.713170674
13.41,-0.71007893
13.42,-0.706792467
13.43,-0.703311286
13.44,-0.699635385
13.45,-0.695764766
13.46,-0.691699428
13.47,-0.687439371
13.48,-0.682984596
13.49,-0.678335102
13.5,-0.673490889
13.51,-0.668451957
13.52,-0.663218307
13.53,-0.657789938
13.54,-0.65216685
13.55,-0.646349043
13.56,-0.640336518
13.57,-0.634129273
13.58,-0.62772731
13.59,-0.621130629
13.6,-0.614339228
13.61,-0.607353109
13.62,-0.602023811
13.63,-0.6010435
13.64,-0.600144862
13.65,-0.599327898
13.66,-0.598592608
13.67,-0.59793899
13.68,-0.597367047
13.69,-0.596876776
13.7,-0.596468179
13.71,-0.596141256
13.72,-0.595896006
13.73,-0.59573243
13.74,-0.595650527
13.75,-0.595650297
13.76,-0.595731741
13.77,-0.595894859
13.78,-0.59613965
13.79,-0.596466114
13.8,-0.596874252
13.81,-0.597364064
13.82,-0.597935548
13.83,-0.598588707
13.84,-0.599323538
13.85,-0.600140044
13.86,-0.601038222
13.87,-0.602018075
13.88,-0.6030796
13.89,-0.604222799
13.9,-0.605447672
13.91,-0.606754218
13.92,-0.608142438
13.93,-0.609612331
13.94,-0.611163897
13.95,-0.612797137
13.96,-0.614512051
13.97,-0.616308637
13.98,-0.618186898
13.99,-0.620146832
14,-0.622188439
14.01,-0.62431172
14.02,-0.626516674
14.03,-0.628803302
14.04,-0.631171603
14.05,-0.633621578
14.06,-0.636153226
14.07,-0.638766547
14.08,-0.641461543
14.09,-0.644238211
14.1,-0.647096553
14.11,-0.64902819
14.12,-0.649185004
14.13,-0.649310388
14.14,-0.649404342
14.15,-0.649466867
14.16,-0.649497962
14.17,-0.649497628
14.18,-0.649465864
14.19,-0.64940267
14.2,-0.649308047
14.21,-0.649181995
14.22,-0.649024512
14.23,-0.648835601
14.24,-0.64861526
14.25,-0.648363489
14.26,-0.648080288
14.27,-0.647765659
14.28,-0.647419599
14.29,-0.64704211
14.3,-0.646633191
14.31,-0.646192843
14.32,-0.645721066
14.33,-0.645217859
14.34,-0.644683222
14.35,-0.644117155
14.36,-0.64351966
14.37,-0.642890734
14.38,-0.642230379
14.39,-0.641538595
14.4,-0.64081538
14.41,-0.640060737
14.42,-0.639274664
14.43,-0.638457161
14.44,-0.637608229
14.45,-0.636727867
14.46,-0.635816075
14.47,-0.634872854
14.48,-0.633898204
14.49,-0.632892124
14.5,-0.631854614
14.51,-0.630785675
14.52,-0.629685306
14.53,-0.628553508
14.54,-0.62739028
14.55,-0.626195623
14.56,-0.624969536
14.57,-0.623712019
14.58,-0.622423073
14.59,-0.621102697
14.6,-0.619750892
14.61,-0.618367658
14.62,-0.616952993
14.63,-0.615506899
14.64,-0.614029376
14.65,-0.612520423
14.66,-0.610980041
14.67,-0.609408229
14.68,-0.607804987
14.69,-0.606170316
14.7,-0.604504215
14.71,-0.602806685
14.72,-0.603437944
14.73,-0.605031844
14.74,-0.606700657
14.75,-0.608444382
14.76,-0.61026302
14.77,-0.612156569
14.78,-0.614125031
14.79,-0.616168405
14.8,-0.618286691
14.81,-0.620479889
14.82,-0.622747999
14.83,-0.625091022
14.84,-0.627508957
14.85,-0.630001804
14.86,-0.632569563
14.87,-0.635212234
14.88,-0.637929818
14.89,-0.640722313
14.9,-0.643589721
14.91,-0.646532041
14.92,-0.649549274
14.93,-0.652641418
14.94,-0.655808475
14.95,-0.659050444
14.96,-0.662367325
14.97,-0.665759118
14.98,-0.669225823
14.99,-0.672767441
15,-0.676383971
15.01,-0.680075413
15.02,-0.683841767
15.03,-0.687683033
15.04,-0.691599212
15.05,-0.695590303
15.06,-0.699656306
15.07,-0.703797221
15.08,-0.708013048
15.09,-0.712303788
15.1,-0.716669439
15.11,-0.721110003
15.12,-0.725625479
15.13,-0.730215868
15.14,-0.734881168
15.15,-0.739621381
15.16,-0.744436506
15.17,-0.749326543
15.18,-0.754291492
15.19,-0.759331353
15.2,-0.764446127
15.21,-0.768219104
15.22,-0.771619416
15.23,-0.775022255
15.24,-0.778427622
15.25,-0.781835516
15.26,-0.785245939
15.27,-0.788658888
15.28,-0.792074366
15.29,-0.795492371
15.3,-0.798912904
15.31,-0.802335965
15.32,-0.805761553
15.33,-0.809189669
15.34,-0.812620312
15.35,-0.816053483
15.36,-0.819489182
15.37,-0.822927409
15.38,-0.826368163
15.39,-0.829811445
15.4,-0.833257254
15.41,-0.836705592
15.42,-0.840156457
15.43,-0.843609849
15.44,-0.847065769
15.45,-0.850524217
15.46,-0.853985193
15.47,-0.857448696
15.48,-0.860914727
15.49,-0.864383285
15.5,-0.867854372
15.51,-0.871327986
15.52,-0.874804127
15.53,-0.878282796
15.54,-0.881763993
15.55,-0.885247718
15.56,-0.88873397
15.57,-0.89222275
15.58,-0.897000117
15.59,-0.902914311
15.6,-0.908954079
15.61,-0.915119421
15.62,-0.921410338
15.63,-0.927826829
15.64,-0.934368895
15.65,-0.941036536
15.66,-0.947829751
15.67,-0.954748541
15.68,-0.961792905
15.69,-0.968962844
15.7,-0.976258357
15.71,-0.983679445
15.72,-0.991226107
15.73,-0.998898344
15.74,-1.006696155
15.75,-1.014619541
15.76,-1.022668502
15.77,-1.030843037
15.78,-1.039143146
15.79,-1.04756883
15.8,-1.056120089
15.81,-1.064796922
15.82,-1.07359933
15.83,-1.082527312
15.84,-1.091580869
15.85,-1.097728898
15.86,-1.103642879
15.87,-1.109452638
15.88,-1.115158174
15.89,-1.120759488
15.9,-1.12625658
15.91,-1.13164945
15.92,-1.136938097
15.93,-1.142122523
15.94,-1.147202726
15.95,-1.152178706
15.96,-1.157050465
15.97,-1.161818001
15.98,-1.166481315
15.99,-1.171040406
16,-1.175495276
16.01,-1.179845923
16.02,-1.184092348
16.03,-1.188234551
16.04,-1.192272531
16.05,-1.196206289
16.06,-1.200035825
16.07,-1.203761139
16.08,-1.20738223
16.09,-1.210899099
16.1,-1.214311746
16.11,-1.217620171
16.12,-1.220824374
16.13,-1.223924354
16.14,-1.226920112
16.15,-1.229811647
16.16,-1.232598961
16.17,-1.235282052
16.18,-1.237860921
16.19,-1.240335568
16.2,-1.242705992
16.21,-1.244972194
16.22,-1.247134174
16.23,-1.249191932
16.24,-1.251145467
16.25,-1.252994781
16.26,-1.254739872
16.27,-1.25638074
16.28,-1.257917387
16.29,-1.259349811
16.3,-1.260678013
16.31,-1.261901993
16.32,-1.26302175
16.33,-1.264037285
16.34,-1.264948598
16.35,-1.265755689
16.36,-1.266458557
16.37,-1.267057203
16.38,-1.267551627
16.39,-1.267941829
16.4,-1.268227809
16.41,-1.268409566
16.42,-1.268487101
16.43,-1.268460413
16.44,-1.268329504
16.45,-1.268094372
16.46,-1.267755018
16.47,-1.267311442
16.48,-1.267132657
16.49,-1.269422211
16.5,-1.271697935
16.51,-1.273959828
16.52,-1.27620789
16.53,-1.278442121
16.54,-1.280662522
16.55,-1.282869093
16.56,-1.285061833
16.57,-1.287240742
16.58,-1.28940582
16.59,-1.291557068
16.6,-1.293694486
16.61,-1.295818072
16.62,-1.297927828
16.63,-1.300023754
16.64,-1.302105849
16.65,-1.304174113
16.66,-1.306228547
16.67,-1.30826915
16.68,-1.310295923
16.69,-1.312308864
16.7,-1.314307976
16.71,-1.316293256
16.72,-1.318264706
16.73,-1.320222326
16.74,-1.322166115
16.75,-1.324096073
16.76,-1.326012201
16.77,-1.327914498
16.78,-1.329802964
16.79,-1.3316776
16.8,-1.333538405
16.81,-1.33538538
16.82,-1.337218524
16.83,-1.339037837
16.84,-1.34084332
16.85,-1.342634972
16.86,-1.344412794
16.87,-1.346176785
16.88,-1.347926945
16.89,-1.351851195
16.9,-1.356818789
16.91,-1.361924087
16.92,-1.367167088
16.93,-1.372547794
16.94,-1.378066203
16.95,-1.383722316
16.96,-1.389516133
16.97,-1.395447654
16.98,-1.401516879
16.99,-1.407723808
17,-1.41406844
17.01,-1.420550776
17.02,-1.427170817
17.03,-1.433928561
17.04,-1.440824009
17.05,-1.447857161
17.06,-1.455028016
17.07,-1.462336576
17.08,-1.469782839
17.09,-1.477366807
17.1,-1.485088478
17.11,-1.492947853
17.12,-1.500944932
17.13,-1.509079715
17.14,-1.517352201
17.15,-1.525762392
17.16,-1.534310286
17.17,-1.542995885
17.18,-1.551819187
17.19,-1.560780193
17.2,-1.569878903
17.21,-1.579115316
17.22,-1.588489434
17.23,-1.598001256
17.24,-1.607650781
17.25,-1.61743801
17.26,-1.627362943
17.27,-1.63742558
17.28,-1.647625921
17.29,-1.657963966
17.3,-1.668439714
17.31,-1.679053167
17.32,-1.689804323
17.33,-1.700693183
17.34,-1.711719747
17.35,-1.722884015
17.36,-1.734185987
17.37,-1.745625663
17.38,-1.757203042
17.39,-1.768918126
17.4,-1.780770913
17.41,-1.792761404
17.42,-1.804889599
17.43,-1.817155498
17.44,-1.829559101
17.45,-1.840365302
17.46,-1.847481166
17.47,-1.854542972
17.48,-1.86155072
17.49,-1.868504409
17.5,-1.87540404
17.51,-1.882249613
17.52,-1.889041127
17.53,-1.895778583
17.54,-1.90246198
17.55,-1.909091319
17.56,-1.915666599
17.57,-1.922187821
17.58,-1.928654985
17.59,-1.93506809
17.6,-1.941427137
17.61,-1.947732126
17.62,-1.953983056
17.63,-1.960179927
17.64,-1.966322741
17.65,-1.972411495
17.66,-1.978446192
17.67,-1.98442683
17.68,-1.99035341
17.69,-1.996225931
17.7,-2.002044394
17.71,-2.007808798
17.72,-2.013519144
17.73,-2.019175432
17.74,-2.024777661
17.75,-2.030325832
17.76,-2.035819944
17.77,-2.041259998
17.78,-2.046645994
17.79,-2.051977931
17.8,-2.05725581
17.81,-2.06247963
17.82,-2.067649392
17.83,-2.072765096
17.84,-2.077826741
17.85,-2.082834328
17.86,-2.087787856
17.87,-2.092687326
17.88,-2.097532737
17.89,-2.102324091
17.9,-2.107061385
17.91,-2.111744622
17.92,-2.1163738
17.93,-2.120948919
17.94,-2.12546998
17.95,-2.129936983
17.96,-2.134349927
17.97,-2.138708813
17.98,-2.143013641
17.99,-2.14726441
18,-2.15146112
18.01,-2.155603773
18.02,-2.159692367
18.03,-2.163726902
18.04,-2.167707379
18.05,-2.171633798
18.06,-2.175506158
18.07,-2.17932446
18.08,-2.183088704
18.09,-2.186798889
18.1,-2.190455015
18.11,-2.194057084
18.12,-2.197605093
18.13,-2.201099045
18.14,-2.204538938
18.15,-2.207924772
18.16,-2.211256549
18.17,-2.214534267
18.18,-2.217757926
18.19,-2.220927527
18.2,-2.22404307
18.21,-2.227104554
18.22,-2.23011198
18.23,-2.233065347
18.24,-2.235964656
18.25,-2.238809907
18.26,-2.241601099
18.27,-2.244338233
18.28,-2.248090187
18.29,-2.253909551
18.3,-2.259750224
18.31,-2.265612208
18.32,-2.271495503
18.33,-2.277400108
18.34,-2.283326023
18.35,-2.289273249
18.36,-2.295241785
18.37,-2.301231631
18.38,-2.307242788
18.39,-2.313275256
18.4,-2.319329034
18.41,-2.325404122
18.42,-2.331500521
18.43,-2.33761823
18.44,-2.343757249
18.45,-2.349917579
18.46,-2.356099219
18.47,-2.36230217
18.48,-2.368526431
18.49,-2.374772003
18.5,-2.381038885
18.51,-2.387327077
18.52,-2.39363658
18.53,-2.399967394
18.54,-2.406319517
18.55,-2.412692951
18.56,-2.419087696
18.57,-2.425503751
18.58,-2.431941116
18.59,-2.438399792
18.6,-2.444879778
18.61,-2.451381075
18.62,-2.457231556
18.63,-2.461433771
18.64,-2.465525882
18.65,-2.469507888
18.66,-2.473379789
18.67,-2.477141586
18.68,-2.480793279
18.69,-2.484334866
18.7,-2.48776635
18.71,-2.491087729
18.72,-2.494299003
18.73,-2.497400173
18.74,-2.500391238
18.75,-2.503272199
18.76,-2.506043055
18.77,-2.508703807
18.78,-2.511254454
18.79,-2.513694997
18.8,-2.516025435
18.81,-2.518245769
18.82,-2.520355998
18.83,-2.522356123
18.84,-2.524246143
18.85,-2.526026058
18.86,-2.527695869
18.87,-2.529255576
18.88,-2.530705178
18.89,-2.532044675
18.9,-2.533274068
18.91,-2.534393357
18.92,-2.535402541
18.93,-2.53630162
18.94,-2.537090595
18.95,-2.538823309
18.96,-2.542824935
18.97,-2.54691479
18.98,-2.551092874
18.99,-2.555359187
19,-2.559713729
19.01,-2.564156501
19.02,-2.568687501
19.03,-2.573306731
19.04,-2.578014189
19.05,-2.582809877
19.06,-2.587693794
19.07,-2.59266594
19.08,-2.597726316
19.09,-2.60287492
19.1,-2.608111753
19.11,-2.613436816
19.12,-2.618850108
19.13,-2.624351629
19.14,-2.629941379
19.15,-2.635619358
19.16,-2.641385566
19.17,-2.647240003
19.18,-2.65318267
19.19,-2.659213565
19.2,-2.66533269
19.21,-2.671540044
19.22,-2.677835626
19.23,-2.684219438
19.24,-2.69069148
19.25,-2.69725175
19.26,-2.703315868
19.27,-2.708745624
19.28,-2.714183886
19.29,-2.719630651
19.3,-2.725085922
19.31,-2.730549697
19.32,-2.736021977
19.33,-2.741502761
19.34,-2.746992051
19.35,-2.752489844
19.36,-2.757996143
19.37,-2.763510946
19.38,-2.769034254
19.39,-2.774566066
19.4,-2.780106384
19.41,-2.785655205
19.42,-2.791212532
19.43,-2.796778363
19.44,-2.802352699
19.45,-2.80793554
19.46,-2.813526885
19.47,-2.819126735
19.48,-2.824735089
19.49,-2.830351949
19.5,-2.835977313
19.51,-2.841611181
19.52,-2.847253554
19.53,-2.852904432
19.54,-2.858563815
19.55,-2.864231702
19.56,-2.869908094
19.57,-2.875592991
19.58,-2.881286392
19.59,-2.886988298
19.6,-2.892698709
19.61,-2.898417624
19.62,-2.904145044
19.63,-2.909880969
19.64,-2.915625398
19.65,-2.921378332
19.66,-2.927139771
19.67,-2.932909714
19.68,-2.938688162
19.69,-2.944475115
19.7,-2.950270572
19.71,-2.956074534
19.72,-2.961887001
19.73,-2.967707973
19.74,-2.973537449
19.75,-2.979375429
19.76,-2.985221915
19.77,-2.991076905
19.78,-2.9969404
19.79,-3.002812399
19.8,-3.008692903
19.81,-3.014581912
19.82,-3.020479425
19.83,-3.026385444
19.84,-3.032299966
19.85,-3.038222994
19.86,-3.044154526
19.87,-3.050094563
19.88,-3.056043104
19.89,-3.06200015
19.9,-3.067965701
19.91,-3.073939757
19.92,-3.079922317
19.93,-3.085913382
19.94,-3.091912951
19.95,-3.097921025
19.96,-3.103937604
19.97,-3.110390497
19.98,-3.118695447
19.99,-3.127071422
20,-3.135518422
20.01,-3.144036448
20.02,-3.152625499
20.03,-3.161285575
20.04,-3.170016677
20.05,-3.178818804
20.06,-3.187691956
20.07,-3.196636134
20.08,-3.205651337
20.09,-3.214737565
20.1,-3.223894818
20.11,-3.233123097
20.12,-3.242422401
20.13,-3.25179273
20.14,-3.261234085
20.15,-3.270746465
20.16,-3.280329871
20.17,-3.289984301
20.18,-3.299709757
20.19,-3.309506239
20.2,-3.319373745
20.21,-3.329312277
20.22,-3.339321834
20.23,-3.349402417
20.24,-3.359554025
20.25,-3.369776658
20.26,-3.380070316
20.27,-3.390435
20.28,-3.400870709
20.29,-3.411377444
20.3,-3.421955203
20.31,-3.432603988
20.32,-3.443323799
20.33,-3.454114634
20.34,-3.464976495
20.35,-3.475909382
20.36,-3.486913293
20.37,-3.49798823
20.38,-3.509134192
20.39,-3.52035118
20.4,-3.531639193
20.41,-3.542998231
20.42,-3.554428294
20.43,-3.565929383
20.44,-3.577501497
20.45,-3.589144637
20.46,-3.600858801
20.47,-3.612643991
20.48,-3.624500207
20.49,-3.636427447
20.5,-3.648425713
20.51,-3.660495005
20.52,-3.672635321
20.53,-3.684846663
20.54,-3.69712903
20.55,-3.709482423
20.56,-3.721906841
20.57,-3.732467649
20.58,-3.741814443
20.59,-3.75112808
20.6,-3.76040856
20.61,-3.769655882
20.62,-3.778870048
20.63,-3.788051057
20.64,-3.797198909
20.65,-3.806313605
20.66,-3.815395143
20.67,-3.824443524
20.68,-3.833458748
20.69,-3.842440816
20.7,-3.851389726
20.71,-3.86030548
20.72,-3.869188076
20.73,-3.878037516
20.74,-3.886853799
20.75,-3.895636924
20.76,-3.904386893
20.77,-3.913103705
20.78,-3.92178736
20.79,-3.930437858
20.8,-3.939055199
20.81,-3.947639383
20.82,-3.956190411
20.83,-3.964708281
20.84,-3.973192994
20.85,-3.981644551
20.86,-3.99006295
20.87,-3.998448193
20.88,-4.006800278
20.89,-4.015119207
20.9,-4.023404979
20.91,-4.031657594
20.92,-4.039877051
20.93,-4.048063352
20.94,-4.056216496
20.95,-4.064336483
20.96,-4.072423314
20.97,-4.080476987
20.98,-4.088497503
20.99,-4.096484862
21,-4.104439065
21.01,-4.11236011
21.02,-4.120247999
21.03,-4.12810273
21.04,-4.135924305
21.05,-4.143712723
21.06,-4.151467983
21.07,-4.159190087
21.08,-4.166879034
21.09,-4.174534824
21.1,-4.182157457
21.11,-4.189746933
21.12,-4.197303252
21.13,-4.204826414
21.14,-4.21231642
21.15,-4.219773268
21.16,-4.22719696
21.17,-4.234587494
21.18,-4.241944872
21.19,-4.249269092
21.2,-4.256560156
21.21,-4.263818063
21.22,-4.271042812
21.23,-4.278234405
21.24,-4.285392841
21.25,-4.29251812
21.26,-4.299610242
21.27,-4.306669207
21.28,-4.313695015
21.29,-4.320687667
21.3,-4.327647161
21.31,-4.334573498
21.32,-4.341466679
21.33,-4.348326702
21.34,-4.355153569
21.35,-4.361947279
21.36,-4.368707831
21.37,-4.375435227
21.38,-4.382129466
21.39,-4.388790548
21.4,-4.395988082
21.41,-4.403492723
21.42,-4.410985551
21.43,-4.418466567
21.44,-4.42593577
21.45,-4.433393162
21.46,-4.440838741
21.47,-4.448272508
21.48,-4.455694462
21.49,-4.463104604
21.5,-4.470502934
21.51,-4.477889452
21.52,-4.485264157
21.53,-4.49262705
21.54,-4.499978131
21.55,-4.5073174
21.56,-4.514644856
21.57,-4.5219605
21.58,-4.529264331
21.59,-4.536556351
21.6,-4.543836558
21.61,-4.551104953
21.62,-4.558361535
21.63,-4.565606305
21.64,-4.572839263
21.65,-4.580060409
21.66,-4.587269742
21.67,-4.594467263
21.68,-4.601652972
21.69,-4.608826868
21.7,-4.615988953
21.71,-4.623139225
21.72,-4.630277684
21.73,-4.637404332
21.74,-4.644519167
21.75,-4.651622189
21.76,-4.6587134
21.77,-4.665792798
21.78,-4.672860384
21.79,-4.679916158
21.8,-4.686960119
21.81,-4.693992268
21.82,-4.701012605
21.83,-4.708021129
21.84,-4.715017842
21.85,-4.722002742
21.86,-4.728975829
21.87,-4.735937105
21.88,-4.742886568
21.89,-4.749824218
21.9,-4.756750057
21.91,-4.763664083
21.92,-4.770566297
21.93,-4.777456699
21.94,-4.784335288
21.95,-4.791202065
21.96,-4.79805703
21.97,-4.804900182
21.98,-4.811731523
21.99,-4.818551051
22,-4.825358766
22.01,-4.83215467
22.02,-4.838938761
22.03,-4.845711039
22.04,-4.852471506
22.05,-4.85922016
22.06,-4.865957002
22.07,-4.872682032
22.08,-4.879395249
22.09,-4.886096654
22.1,-4.892786247
22.11,-4.899464027
22.12,-4.906129996
22.13,-4.912784152
22.14,-4.919426495
22.15,-4.926057027
22.16,-4.932675746
22.17,-4.939282652
22.18,-4.945877747
22.19,-4.952461029
22.2,-4.959032499
22.21,-4.965592157
22.22,-4.972140002
22.23,-4.978676035
22.24,-4.985200256
22.25,-4.991712664
22.26,-4.998213261
22.27,-5.004702045
22.28,-5.011179016
22.29,-5.017644176
22.3,-5.024097523
22.31,-5.030539058
22.32,-5.03696878
22.33,-5.04338669
22.34,-5.049792788
22.35,-5.056187074
22.36,-5.062569547
22.37,-5.068940208
22.38,-5.075299057
22.39,-5.081646094
22.4,-5.087981318
22.41,-5.102200455
22.42,-5.12246938
22.43,-5.142996949
22.44,-5.163783163
22.45,-5.184828022
22.46,-5.206131527
22.47,-5.227693676
22.48,-5.24951447
22.49,-5.27159391
22.5,-5.293931995
22.51,-5.316528724
22.52,-5.339384099
22.53,-5.362498118
22.54,-5.385870783
22.55,-5.409502093
22.56,-5.427748081
22.57,-5.442712464
22.58,-5.456870984
22.59,-5.470223641
22.6,-5.482770435
22.61,-5.494511365
22.62,-5.505446431
22.63,-5.515575634
22.64,-5.524898974
22.65,-5.533416451
22.66,-5.541128064
22.67,-5.548033814
22.68,-5.5541337
22.69,-5.559427723
22.7,-5.563915882
22.71,-5.567598179
22.72,-5.570474611
22.73,-5.572545181
22.74,-5.573809887
22.75,-5.57426873
22.76,-5.573921709
22.77,-5.572768825
22.78,-5.570810077
22.79,-5.568045466
22.8,-5.564474992
22.81,-5.560098654
22.82,-5.554916453
22.83,-5.548928389
22.84,-5.542134461
22.85,-5.53453467
22.86,-5.537887319
22.87,-5.542646019
22.88,-5.547456596
22.89,-5.55231905
22.9,-5.557233381
22.91,-5.562199588
22.92,-5.567217673
22.93,-5.572287635
22.94,-5.577409473
22.95,-5.582583189
22.96,-5.587808782
22.97,-5.593086251
22.98,-5.598415598
22.99,-5.603796821
23,-5.609229922
23.01,-5.614714899
23.02,-5.620251753
23.03,-5.625840485
23.04,-5.631481093
23.05,-5.637173578
23.06,-5.64291794
23.07,-5.64871418
23.08,-5.654562296
23.09,-5.660462289
23.1,-5.666414159
23.11,-5.672417906
23.12,-5.67847353
23.13,-5.684581031
23.14,-5.690740409
23.15,-5.696951664
23.16,-5.703214796
23.17,-5.709529805
23.18,-5.715896691
23.19,-5.722315453
23.2,-5.728786093
23.21,-5.73530861
23.22,-5.741883003
23.23,-5.748509274
23.24,-5.755187422
23.25,-5.761917446
23.26,-5.768699348
23.27,-5.775533126
23.28,-5.782418782
23.29,-5.789356314
23.3,-5.796345724
23.31,-5.80338701
23.32,-5.810480174
23.33,-5.817625214
23.34,-5.824822131
23.35,-5.833738764
23.36,-5.842849741
23.37,-5.852082422
23.38,-5.861436808
23.39,-5.870912897
23.4,-5.880510691
23.41,-5.890230189
23.42,-5.90007139
23.43,-5.910034296
23.44,-5.920118907
23.45,-5.930325221
23.46,-5.940653239
23.47,-5.951102962
23.48,-5.961674388
23.49,-5.972367519
23.5,-5.983182354
23.51,-5.994118892
23.52,-6.005177135
23.53,-6.016357083
23.54,-6.027658734
23.55,-6.039082089
23.56,-6.050627149
23.57,-6.062293912
23.58,-6.07408238
23.59,-6.085992552
23.6,-6.098024428
23.61,-6.110178008
23.62,-6.122453292
23.63,-6.13485028
23.64,-6.147368973
23.65,-6.160009369
23.66,-6.17277147
23.67,-6.185655275
23.68,-6.198660783
23.69,-6.211787996
23.7,-6.225036913
23.71,-6.238407535
23.72,-6.25189986
23.73,-6.265513889
23.74,-6.279249623
23.75,-6.293107061
23.76,-6.307086202
23.77,-6.321187048
23.78,-6.335409598
23.79,-6.349753852
23.8,-6.364219811
23.81,-6.378807473
23.82,-6.393516839
23.83,-6.408215153
23.84,-6.416798182
23.85,-6.425248017
23.86,-6.433564658
23.87,-6.441748104
23.88,-6.449798356
23.89,-6.457715415
23.9,-6.465499279
23.91,-6.473149948
23.92,-6.480667424
23.93,-6.488051706
23.94,-6.495302793
23.95,-6.502420686
23.96,-6.509405385
23.97,-6.51625689
23.98,-6.5229752
23.99,-6.529560317
24,-6.536012239
24.01,-6.542330967
24.02,-6.548516501
24.03,-6.554568841
24.04,-6.560487986
24.05,-6.566273938
24.06,-6.571926695
24.07,-6.577446258
24.08,-6.582832627
24.09,-6.588085801
24.1,-6.593205782
24.11,-6.598192568
24.12,-6.60304616
24.13,-6.607766558
24.14,-6.612353762
24.15,-6.616807771
24.16,-6.621128587
24.17,-6.625316208
24.18,-6.629370635
24.19,-6.633291868
24.2,-6.637079907
24.21,-6.640734751
24.22,-6.644256402
24.23,-6.647644858
24.24,-6.65090012
24.25,-6.654022187
24.26,-6.657011061
24.27,-6.659866741
24.28,-6.662589226
24.29,-6.665178517
24.3,-6.667634614
24.31,-6.669957517
24.32,-6.672147225
24.33,-6.67420374
24.34,-6.67612706
24.35,-6.677917186
24.36,-6.679574118
24.37,-6.681097855
24.38,-6.682488399
24.39,-6.683745748
24.4,-6.684869903
24.41,-6.685860864
24.42,-6.686718631
24.43,-6.687443204
24.44,-6.692406545
24.45,-6.704539133
24.46,-6.716912681
24.47,-6.729527188
24.48,-6.742382656
24.49,-6.755479084
24.5,-6.768816471
24.51,-6.782394819
24.52,-6.796214126
24.53,-6.810274393
24.54,-6.82457562
24.55,-6.839117807
24.56,-6.853900954
24.57,-6.868925061
24.58,-6.884190128
24.59,-6.899696155
24.6,-6.915443142
24.61,-6.931431088
24.62,-6.947659995
24.63,-6.964129861
24.64,-6.980840687
24.65,-6.997792473
24.66,-7.014813659
24.67,-7.028027911
24.68,-7.041122879
24.69,-7.054098563
24.7,-7.066954962
24.71,-7.079692078
24.72,-7.092309909
24.73,-7.104808456
24.74,-7.117187719
24.75,-7.129447698
24.76,-7.141588393
24.77,-7.153609803
24.78,-7.16551193
24.79,-7.177294772
24.8,-7.188958331
24.81,-7.200502605
24.82,-7.211927595
24.83,-7.223233301
24.84,-7.234419723
24.85,-7.24548686
24.86,-7.256434714
24.87,-7.267263283
24.88,-7.277972568
24.89,-7.28856257
24.9,-7.299033287
24.91,-7.30938472
24.92,-7.319616868
24.93,-7.329729733
24.94,-7.339723313
24.95,-7.34959761
24.96,-7.359352622
24.97,-7.36898835
24.98,-7.378504794
24.99,-7.387901954